notreal,date,time,AMZN,KO
1,12/31/04,1,44.29,15.62
2,1/3/05,2,44.52,15.59
3,1/4/05,3,42.14,15.37
4,1/5/05,4,41.77,15.3
5,1/6/05,5,41.05,15.43
6,1/7/05,6,42.32,15.44
7,1/10/05,7,41.84,15.53
8,1/11/05,8,41.64,15.44
9,1/12/05,9,42.3,15.44
10,1/13/05,10,42.6,15.29
11,1/14/05,11,44.55,15.37
12,1/18/05,12,44.58,15.48
13,1/19/05,13,43.96,15.42
14,1/20/05,14,42.36,15.51
15,1/21/05,15,41.16,15.35
16,1/24/05,16,40.38,15.37
17,1/25/05,17,40.94,15.47
18,1/26/05,18,41.34,15.64
19,1/27/05,19,42.31,15.67
20,1/28/05,20,42.22,15.57
21,1/31/05,21,43.22,15.57
22,2/1/05,22,42.48,15.54
23,2/2/05,23,41.88,15.73
24,2/3/05,24,35.75,15.66
25,2/4/05,25,35.72,15.94
26,2/7/05,26,35.69,15.94
27,2/8/05,27,36.3,16
28,2/9/05,28,35.89,16.04
29,2/10/05,29,35.78,15.95
30,2/11/05,30,35.78,16.04
31,2/14/05,31,36.03,16.08
32,2/15/05,32,36.14,16
33,2/16/05,33,35.66,16.25
34,2/17/05,34,35.69,16.13
35,2/18/05,35,35.31,16.12
36,2/22/05,36,34.72,16.06
37,2/23/05,37,34.14,15.98
38,2/24/05,38,34.69,16.01
39,2/25/05,39,34.99,16.14
40,2/28/05,40,35.18,16.06
41,3/1/05,41,35.39,16.24
42,3/2/05,42,35.5,16.15
43,3/3/05,43,35.65,16.2
44,3/4/05,44,35.85,16.38
45,3/7/05,45,36.32,16.41
46,3/8/05,46,35.83,16.29
47,3/9/05,47,35.4,16.21
48,3/10/05,48,34.91,16.16
49,3/11/05,49,34.75,16.04
50,3/14/05,50,34.6,15.99
51,3/15/05,51,34.18,15.95
52,3/16/05,52,33.87,15.84
53,3/17/05,53,33.97,15.86
54,3/18/05,54,34.16,15.66
55,3/21/05,55,33.67,15.71
56,3/22/05,56,33.15,15.64
57,3/23/05,57,33.18,15.55
58,3/24/05,58,32.88,15.56
59,3/28/05,59,33.39,15.53
60,3/29/05,60,33.43,15.63
61,3/30/05,61,34.32,15.84
62,3/31/05,62,34.27,15.74
63,4/1/05,63,34.01,15.63
64,4/4/05,64,35,15.66
65,4/5/05,65,35.28,15.81
66,4/6/05,66,34.82,15.75
67,4/7/05,67,34.9,15.91
68,4/8/05,68,34.6,15.9
69,4/11/05,69,34.6,15.81
70,4/12/05,70,34.63,15.99
71,4/13/05,71,34.3,15.9
72,4/14/05,72,33.97,15.89
73,4/15/05,73,33.02,15.59
74,4/18/05,74,33,15.47
75,4/19/05,75,32.78,16.01
76,4/20/05,76,33.25,15.82
77,4/21/05,77,33.73,15.86
78,4/22/05,78,33.04,15.91
79,4/25/05,79,33.53,16.12
80,4/26/05,80,32.71,16.23
81,4/27/05,81,31.72,16.17
82,4/28/05,82,32.52,16.12
83,4/29/05,83,32.36,16.41
84,5/2/05,84,33.1,16.46
85,5/3/05,85,33.21,16.53
86,5/4/05,86,33.96,16.59
87,5/5/05,87,33.96,16.67
88,5/6/05,88,34.52,16.69
89,5/9/05,89,34.64,16.83
90,5/10/05,90,34.23,16.71
91,5/11/05,91,33.82,16.72
92,5/12/05,92,33.85,16.68
93,5/13/05,93,33.9,16.66
94,5/16/05,94,34.54,16.72
95,5/17/05,95,34.73,16.77
96,5/18/05,96,35.33,16.97
97,5/19/05,97,35.59,17.09
98,5/20/05,98,35.5,17.01
99,5/23/05,99,35.68,16.98
100,5/24/05,100,35.54,17
101,5/25/05,101,35.25,16.96
102,5/26/05,102,35.45,16.95
103,5/27/05,103,35.5,16.97
104,5/31/05,104,35.51,16.86
105,6/1/05,105,36.5,16.84
106,6/2/05,106,36.41,16.91
107,6/3/05,107,35.59,16.71
108,6/6/05,108,35.77,16.61
109,6/7/05,109,35.35,16.66
110,6/8/05,110,34.83,16.58
111,6/9/05,111,35.2,16.49
112,6/10/05,112,34.95,16.6
113,6/13/05,113,34.87,16.57
114,6/14/05,114,35.04,16.62
115,6/15/05,115,35.24,16.59
116,6/16/05,116,35.58,16.64
117,6/17/05,117,35.31,16.74
118,6/20/05,118,35.69,16.69
119,6/21/05,119,35.38,16.6
120,6/22/05,120,35.22,16.51
121,6/23/05,121,35.43,16.37
122,6/24/05,122,35.02,16.04
123,6/27/05,123,34.5,16.09
124,6/28/05,124,33.71,16.3
125,6/29/05,125,33.35,16.23
126,6/30/05,126,33.09,15.87
127,7/1/05,127,32.91,16.04
128,7/5/05,128,34.08,16.12
129,7/6/05,129,34.06,15.95
130,7/7/05,130,33.96,15.87
131,7/8/05,131,34.74,16.24
132,7/11/05,132,35.59,16.26
133,7/12/05,133,36.31,16.28
134,7/13/05,134,36.51,16.32
135,7/14/05,135,37.19,16.41
136,7/15/05,136,37.15,16.38
137,7/18/05,137,37.19,16.32
138,7/19/05,138,38.17,16.47
139,7/20/05,139,38.17,16.47
140,7/21/05,140,37.95,16.71
141,7/22/05,141,37.95,16.74
142,7/25/05,142,37.95,16.59
143,7/26/05,143,37.74,16.61
144,7/27/05,144,43.65,16.73
145,7/28/05,145,45.68,16.87
146,7/29/05,146,45.15,16.63
147,8/1/05,147,44.93,16.68
148,8/2/05,148,46.51,16.83
149,8/3/05,149,46.11,16.98
150,8/4/05,150,45.46,16.86
151,8/5/05,151,45.27,16.75
152,8/8/05,152,45.66,16.6
153,8/9/05,153,45.93,16.76
154,8/10/05,154,44.76,16.69
155,8/11/05,155,45.21,16.77
156,8/12/05,156,44.2,16.57
157,8/15/05,157,45.04,16.55
158,8/16/05,158,44.27,16.46
159,8/17/05,159,44.12,16.46
160,8/18/05,160,43.73,16.55
161,8/19/05,161,43.72,16.87
162,8/22/05,162,43.77,16.83
163,8/23/05,163,43.42,16.8
164,8/24/05,164,42.37,16.66
165,8/25/05,165,42.31,16.65
166,8/26/05,166,42.37,16.56
167,8/29/05,167,42.79,16.72
168,8/30/05,168,42.49,16.49
169,8/31/05,169,42.7,16.72
170,9/1/05,170,41.84,16.68
171,9/2/05,171,41.51,16.69
172,9/6/05,172,43.62,16.92
173,9/7/05,173,43.73,16.97
174,9/8/05,174,42.96,16.83
175,9/9/05,175,42.95,16.74
176,9/12/05,176,44.5,16.82
177,9/13/05,177,43.93,16.7
178,9/14/05,178,43.1,16.65
179,9/15/05,179,42.71,16.69
180,9/16/05,180,42.8,16.6
181,9/19/05,181,42.75,16.59
182,9/20/05,182,41.87,16.41
183,9/21/05,183,41.25,16.16
184,9/22/05,184,42.08,16.15
185,9/23/05,185,42.19,16.2
186,9/26/05,186,43.34,16.21
187,9/27/05,187,43.16,16.19
188,9/28/05,188,43.37,16.4
189,9/29/05,189,44.79,16.49
190,9/30/05,190,45.3,16.52
191,10/3/05,191,46.01,16.53
192,10/4/05,192,44.93,16.46
193,10/5/05,193,44.49,16.3
194,10/6/05,194,44.01,16.34
195,10/7/05,195,43.72,16.14
196,10/10/05,196,43.76,16.06
197,10/11/05,197,43.4,15.94
198,10/12/05,198,42.55,15.96
199,10/13/05,199,42.62,15.96
200,10/14/05,200,43.79,16.09
201,10/17/05,201,45.02,16.1
202,10/18/05,202,44.65,15.97
203,10/19/05,203,45.86,15.99
204,10/20/05,204,45.01,16.1
205,10/21/05,205,45.95,16.04
206,10/24/05,206,46.93,16.22
207,10/25/05,207,46.17,16.24
208,10/26/05,208,39.75,16.2
209,10/27/05,209,39.06,16.12
210,10/28/05,210,38.95,16.38
211,10/31/05,211,39.86,16.36
212,11/1/05,212,40.37,16.31
213,11/2/05,213,40.75,16.28
214,11/3/05,214,41.56,16.29
215,11/4/05,215,41.09,16.18
216,11/7/05,216,41.39,16.22
217,11/8/05,217,41.95,16.12
218,11/9/05,218,41.4,16.14
219,11/10/05,219,42.18,16.27
220,11/11/05,220,42.68,16.36
221,11/14/05,221,42.53,16.29
222,11/15/05,222,44.45,16.24
223,11/16/05,223,45.3,16.12
224,11/17/05,224,46.74,16.02
225,11/18/05,225,47.98,16.14
226,11/21/05,226,47.99,16.12
227,11/22/05,227,48.85,16.2
228,11/23/05,228,48.24,16.31
229,11/25/05,229,48.06,16.37
230,11/28/05,230,48.35,16.36
231,11/29/05,231,48.55,16.58
232,11/30/05,232,48.46,16.44
233,12/1/05,233,49,16.5
234,12/2/05,234,49.06,16.49
235,12/5/05,235,48.83,16.42
236,12/6/05,236,49.26,16.38
237,12/7/05,237,48.83,16.25
238,12/8/05,238,48.35,16.13
239,12/9/05,239,48.74,15.98
240,12/12/05,240,49.07,15.84
241,12/13/05,241,49.5,15.77
242,12/14/05,242,49.41,15.82
243,12/15/05,243,49.48,15.85
244,12/16/05,244,49.21,15.87
245,12/19/05,245,48.37,15.95
246,12/20/05,246,48.14,15.87
247,12/21/05,247,48.97,15.87
248,12/22/05,248,49.22,15.89
249,12/23/05,249,49.22,15.84
250,12/27/05,250,48.56,15.78
251,12/28/05,251,48.06,15.7
252,12/29/05,252,47.99,15.63
253,12/30/05,253,47.15,15.52
254,1/3/06,254,47.58,15.75
255,1/4/06,255,47.25,15.72
256,1/5/06,256,47.65,15.79
257,1/6/06,257,47.87,15.94
258,1/9/06,258,47.08,16.02
259,1/10/06,259,45.65,16.04
260,1/11/06,260,44.93,16.04
261,1/12/06,261,44.36,15.96
262,1/13/06,262,44.4,15.91
263,1/17/06,263,44,15.8
264,1/18/06,264,44.32,15.72
265,1/19/06,265,44.45,15.76
266,1/20/06,266,43.92,15.44
267,1/23/06,267,43.73,15.59
268,1/24/06,268,44.02,15.75
269,1/25/06,269,43.6,15.84
270,1/26/06,270,44.68,15.97
271,1/27/06,271,45.22,16.16
272,1/30/06,272,44.96,16.08
273,1/31/06,273,44.82,15.93
274,2/1/06,274,43.98,15.98
275,2/2/06,275,42.74,15.88
276,2/3/06,276,38.33,15.74
277,2/6/06,277,37.95,15.76
278,2/7/06,278,37.52,15.8
279,2/8/06,279,38.17,15.88
280,2/9/06,280,37.99,15.79
281,2/10/06,281,38.52,15.85
282,2/13/06,282,37.86,15.69
283,2/14/06,283,38.25,15.92
284,2/15/06,284,39.26,15.92
285,2/16/06,285,39.15,16.01
286,2/17/06,286,39.19,16.09
287,2/21/06,287,38.29,16.11
288,2/22/06,288,38.72,16.2
289,2/23/06,289,37.9,16.18
290,2/24/06,290,38.35,16.26
291,2/27/06,291,38.01,16.38
292,2/28/06,292,37.44,16.16
293,3/1/06,293,37.12,16.29
294,3/2/06,294,36.88,16.14
295,3/3/06,295,37.21,16.1
296,3/6/06,296,36.86,16.15
297,3/7/06,297,36.93,16.1
298,3/8/06,298,36.81,16.26
299,3/9/06,299,36.12,16.33
300,3/10/06,300,36.22,16.47
301,3/13/06,301,36.19,16.48
302,3/14/06,302,36.91,16.6
303,3/15/06,303,36.89,16.57
304,3/16/06,304,36.77,16.56
305,3/17/06,305,35.99,16.6
306,3/20/06,306,36.23,16.64
307,3/21/06,307,35.92,16.58
308,3/22/06,308,36,16.59
309,3/23/06,309,35.68,16.45
310,3/24/06,310,35.47,16.55
311,3/27/06,311,35.25,16.44
312,3/28/06,312,35.69,16.35
313,3/29/06,313,36.32,16.35
314,3/30/06,314,36.67,16.34
315,3/31/06,315,36.53,16.24
316,4/3/06,316,36.14,16.24
317,4/4/06,317,36.77,16.32
318,4/5/06,318,37.34,16.27
319,4/6/06,319,38.51,16.17
320,4/7/06,320,37.09,16.04
321,4/10/06,321,36.61,16.09
322,4/11/06,322,36.06,16.01
323,4/12/06,323,36.13,15.96
324,4/13/06,324,36.62,16
325,4/17/06,325,35.27,15.92
326,4/18/06,326,36.28,16.02
327,4/19/06,327,36.89,16.17
328,4/20/06,328,36.34,16.22
329,4/21/06,329,36.03,16.23
330,4/24/06,330,35.79,16.12
331,4/25/06,331,35.55,16.04
332,4/26/06,332,35.79,16.18
333,4/27/06,333,35.74,16.31
334,4/28/06,334,35.21,16.27
335,5/1/06,335,34.59,16.28
336,5/2/06,336,34.38,16.38
337,5/3/06,337,33.96,16.26
338,5/4/06,338,34.47,16.32
339,5/5/06,339,35.04,16.57
340,5/8/06,340,34.69,16.82
341,5/9/06,341,34.84,16.94
342,5/10/06,342,34.16,16.9
343,5/11/06,343,33.53,16.83
344,5/12/06,344,32.73,16.75
345,5/15/06,345,32.78,17.04
346,5/16/06,346,32.76,17
347,5/17/06,347,31.61,16.89
348,5/18/06,348,32.61,16.89
349,5/19/06,349,33.94,16.93
350,5/22/06,350,34.83,16.91
351,5/23/06,351,33.76,16.9
352,5/24/06,352,35.19,17.08
353,5/25/06,353,35.63,17.21
354,5/26/06,354,36.07,17.26
355,5/30/06,355,34.64,16.94
356,5/31/06,356,34.61,17.08
357,6/1/06,357,35.07,17.03
358,6/2/06,358,34.76,17.02
359,6/5/06,359,33.49,16.84
360,6/6/06,360,33.41,16.87
361,6/7/06,361,33.77,16.83
362,6/8/06,362,33.55,16.83
363,6/9/06,363,33.78,16.89
364,6/12/06,364,33.6,16.8
365,6/13/06,365,33.47,16.76
366,6/14/06,366,33.68,16.72
367,6/15/06,367,34.96,16.81
368,6/16/06,368,35.09,16.88
369,6/19/06,369,35.07,16.77
370,6/20/06,370,35.48,16.72
371,6/21/06,371,36.65,16.8
372,6/22/06,372,36.37,16.75
373,6/23/06,373,36.55,16.7
374,6/26/06,374,36.77,16.73
375,6/27/06,375,36.48,16.61
376,6/28/06,376,36.7,16.57
377,6/29/06,377,38.52,16.82
378,6/30/06,378,38.68,16.81
379,7/3/06,379,38.61,16.94
380,7/5/06,380,37.11,16.81
381,7/6/06,381,36.8,16.93
382,7/7/06,382,36.11,16.87
383,7/10/06,383,35.79,17.04
384,7/11/06,384,35.66,17.11
385,7/12/06,385,34.63,17.02
386,7/13/06,386,33.73,16.84
387,7/14/06,387,32.92,16.66
388,7/17/06,388,33.67,16.68
389,7/18/06,389,33.49,17.01
390,7/19/06,390,34.48,17.12
391,7/20/06,391,34.18,17.13
392,7/21/06,392,33.19,17.15
393,7/24/06,393,34.31,17.19
394,7/25/06,394,33.59,17.29
395,7/26/06,395,26.26,17.36
396,7/27/06,396,26.56,17.31
397,7/28/06,397,27.17,17.39
398,7/31/06,398,26.89,17.38
399,8/1/06,399,26.32,17.31
400,8/2/06,400,26.09,17.31
401,8/3/06,401,26.69,17.2
402,8/4/06,402,27.29,17.13
403,8/7/06,403,26.78,17.04
404,8/8/06,404,26.36,17.11
405,8/9/06,405,26.21,17.09
406,8/10/06,406,26.49,17.15
407,8/11/06,407,26.07,17.1
408,8/14/06,408,26.53,17.18
409,8/15/06,409,27.77,17.31
410,8/16/06,410,27.95,17.32
411,8/17/06,411,29.09,17.26
412,8/18/06,412,29.12,17.31
413,8/21/06,413,28.13,17.26
414,8/22/06,414,28.37,17.35
415,8/23/06,415,28.14,17.31
416,8/24/06,416,27.97,17.39
417,8/25/06,417,28.03,17.39
418,8/28/06,418,28.91,17.47
419,8/29/06,419,29.52,17.63
420,8/30/06,420,30.67,17.56
421,8/31/06,421,30.83,17.51
422,9/1/06,422,31.76,17.61
423,9/5/06,423,32.23,17.57
424,9/6/06,424,30.8,17.46
425,9/7/06,425,29.73,17.38
426,9/8/06,426,30.51,17.42
427,9/11/06,427,30.79,17.4
428,9/12/06,428,31.72,17.49
429,9/13/06,429,31.67,17.55
430,9/14/06,430,31.65,17.54
431,9/15/06,431,32.52,17.54
432,9/18/06,432,32.08,17.48
433,9/19/06,433,31.58,17.46
434,9/20/06,434,32.12,17.49
435,9/21/06,435,30.22,17.39
436,9/22/06,436,30.84,17.3
437,9/25/06,437,31.79,17.47
438,9/26/06,438,32.5,17.56
439,9/27/06,439,32.33,17.59
440,9/28/06,440,31.84,17.68
441,9/29/06,441,32.12,17.58
442,10/2/06,442,30.87,17.51
443,10/3/06,443,31.7,17.53
444,10/4/06,444,32.76,17.62
445,10/5/06,445,33.32,17.64
446,10/6/06,446,32.59,17.61
447,10/9/06,447,33.38,17.47
448,10/10/06,448,32.62,17.33
449,10/11/06,449,32.91,17.36
450,10/12/06,450,33.55,17.33
451,10/13/06,451,33.32,17.32
452,10/16/06,452,32.6,17.41
453,10/17/06,453,32.47,17.23
454,10/18/06,454,32.31,17.29
455,10/19/06,455,32.54,17.67
456,10/20/06,456,32.57,18.39
457,10/23/06,457,32.88,18.6
458,10/24/06,458,33.63,18.5
459,10/25/06,459,37.68,18.56
460,10/26/06,460,38.3,18.54
461,10/27/06,461,38.24,18.44
462,10/30/06,462,38.15,18.39
463,10/31/06,463,38.09,18.38
464,11/1/06,464,37.56,18.35
465,11/2/06,465,37.45,18.37
466,11/3/06,466,37.46,18.29
467,11/6/06,467,38.21,18.41
468,11/7/06,468,38.77,18.46
469,11/8/06,469,39.47,18.44
470,11/9/06,470,38.84,18.35
471,11/10/06,471,39.26,18.28
472,11/13/06,472,39.99,18.26
473,11/14/06,473,41.51,18.31
474,11/15/06,474,42.6,18.35
475,11/16/06,475,42.84,18.54
476,11/17/06,476,42.55,18.59
477,11/20/06,477,42.44,18.5
478,11/21/06,478,42.54,18.48
479,11/22/06,479,42.96,18.53
480,11/24/06,480,42.41,18.46
481,11/27/06,481,40.85,18.31
482,11/28/06,482,40.92,18.36
483,11/29/06,483,40.63,18.47
484,11/30/06,484,40.34,18.55
485,12/1/06,485,39.41,18.44
486,12/4/06,486,39.1,18.55
487,12/5/06,487,38.98,19.01
488,12/6/06,488,38.9,19.16
489,12/7/06,489,38.12,19.29
490,12/8/06,490,38.46,19.37
491,12/11/06,491,38.69,19.33
492,12/12/06,492,38.46,19.36
493,12/13/06,493,38.5,19.34
494,12/14/06,494,39.02,19.4
495,12/15/06,495,40.01,19.38
496,12/18/06,496,39.26,19.36
497,12/19/06,497,39.42,19.31
498,12/20/06,498,40.01,19.31
499,12/21/06,499,39.89,19.27
500,12/22/06,500,40.24,19.16
501,12/26/06,501,39.8,19.23
502,12/27/06,502,40.29,19.28
503,12/28/06,503,40.21,19.22
504,12/29/06,504,39.46,19.11
505,1/3/07,505,38.7,19.24
506,1/4/07,506,38.9,19.25
507,1/5/07,507,38.37,19.11
508,1/8/07,508,37.5,19.23
509,1/9/07,509,37.78,19.25
510,1/10/07,510,37.15,19.28
511,1/11/07,511,37.4,19.3
512,1/12/07,512,38.2,19.23
513,1/16/07,513,38.66,19.21
514,1/17/07,514,37.88,19.25
515,1/18/07,515,36.98,19.15
516,1/19/07,516,37.02,19.11
517,1/22/07,517,36.95,19.02
518,1/23/07,518,36.43,19.06
519,1/24/07,519,37.26,19.06
520,1/25/07,520,37.08,18.98
521,1/26/07,521,36.85,18.94
522,1/29/07,522,37.43,18.89
523,1/30/07,523,37.05,18.93
524,1/31/07,524,37.67,18.96
525,2/1/07,525,38.7,19.05
526,2/2/07,526,37.39,19.1
527,2/5/07,527,37.16,18.97
528,2/6/07,528,38.27,19.03
529,2/7/07,529,38.98,19.02
530,2/8/07,530,39.1,18.95
531,2/9/07,531,38.72,18.91
532,2/12/07,532,38.85,18.98
533,2/13/07,533,39.31,19.09
534,2/14/07,534,40.14,18.96
535,2/15/07,535,40.06,18.95
536,2/16/07,536,40.33,18.96
537,2/20/07,537,41.51,18.92
538,2/21/07,538,41.26,18.84
539,2/22/07,539,41,18.73
540,2/23/07,540,40.78,18.72
541,2/26/07,541,40.88,18.9
542,2/27/07,542,38.83,18.37
543,2/28/07,543,39.14,18.49
544,3/1/07,544,38.85,18.42
545,3/2/07,545,37.69,18.17
546,3/5/07,546,37.05,18.33
547,3/6/07,547,38.58,18.58
548,3/7/07,548,38.36,18.51
549,3/8/07,549,38.1,18.67
550,3/9/07,550,38.84,18.84
551,3/12/07,551,38.81,18.99
552,3/13/07,552,37.82,18.77
553,3/14/07,553,38.08,18.76
554,3/15/07,554,37.78,18.78
555,3/16/07,555,37.85,18.83
556,3/19/07,556,38.45,18.88
557,3/20/07,557,38.58,18.99
558,3/21/07,558,39.8,19.25
559,3/22/07,559,39.49,19.24
560,3/23/07,560,38.98,19.16
561,3/26/07,561,39.01,19.2
562,3/27/07,562,39.37,19.15
563,3/28/07,563,39.34,19.11
564,3/29/07,564,39.81,19.19
565,3/30/07,565,39.79,19.14
566,4/2/07,566,40.42,19.35
567,4/3/07,567,41.19,19.54
568,4/4/07,568,41.53,19.73
569,4/5/07,569,41.68,19.75
570,4/9/07,570,41.66,19.79
571,4/10/07,571,41.86,19.97
572,4/11/07,572,41.68,19.8
573,4/12/07,573,42.27,19.81
574,4/13/07,574,42.41,19.89
575,4/16/07,575,45.2,20.05
576,4/17/07,576,45.07,20.57
577,4/18/07,577,44.99,20.6
578,4/19/07,578,44.64,20.64
579,4/20/07,579,44.95,20.78
580,4/23/07,580,44.77,20.6
581,4/24/07,581,44.75,20.62
582,4/25/07,582,56.81,20.64
583,4/26/07,583,62.78,20.77
584,4/27/07,584,62.6,20.76
585,4/30/07,585,61.33,20.82
586,5/1/07,586,62.04,20.99
587,5/2/07,587,61.18,21.02
588,5/3/07,588,62.19,21.1
589,5/4/07,589,63.23,21.22
590,5/7/07,590,60.82,21.38
591,5/8/07,591,61.83,21.17
592,5/9/07,592,62.85,21.18
593,5/10/07,593,60.92,20.93
594,5/11/07,594,61.56,21.01
595,5/14/07,595,61.7,20.98
596,5/15/07,596,60.58,20.92
597,5/16/07,597,63.22,21.03
598,5/17/07,598,62.17,20.82
599,5/18/07,599,63.3,20.99
600,5/21/07,600,68.3,20.7
601,5/22/07,601,68.88,20.53
602,5/23/07,602,69,20.47
603,5/24/07,603,69.35,20.44
604,5/25/07,604,68.55,20.7
605,5/29/07,605,69.63,20.81
606,5/30/07,606,69.86,21.16
607,5/31/07,607,69.14,21.13
608,6/1/07,608,68.58,21.06
609,6/4/07,609,70.42,21.01
610,6/5/07,610,73.65,20.87
611,6/6/07,611,72.29,20.74
612,6/7/07,612,72.04,20.49
613,6/8/07,613,73.24,20.61
614,6/11/07,614,71.17,20.59
615,6/12/07,615,70.07,20.4
616,6/13/07,616,70.89,20.62
617,6/14/07,617,71.94,20.6
618,6/15/07,618,72.4,20.71
619,6/18/07,619,71.83,20.78
620,6/19/07,620,69.81,20.63
621,6/20/07,621,69.1,20.67
622,6/21/07,622,69.67,20.91
623,6/22/07,623,68.86,20.73
624,6/25/07,624,68.66,20.79
625,6/26/07,625,67.48,20.86
626,6/27/07,626,68.14,21.06
627,6/28/07,627,68.89,21.13
628,6/29/07,628,68.41,21
629,7/2/07,629,69.61,21.1
630,7/3/07,630,69.45,21.24
631,7/5/07,631,68.73,21.15
632,7/6/07,632,68.97,21.12
633,7/9/07,633,72.07,21.16
634,7/10/07,634,70.28,20.92
635,7/11/07,635,70.73,20.91
636,7/12/07,636,72.79,21.13
637,7/13/07,637,75.1,21.32
638,7/16/07,638,73.69,21.62
639,7/17/07,639,73.79,21.35
640,7/18/07,640,73.32,21.45
641,7/19/07,641,73.35,21.56
642,7/20/07,642,71.63,21.36
643,7/23/07,643,71.74,21.54
644,7/24/07,644,69.25,21.37
645,7/25/07,645,86.18,21.7
646,7/26/07,646,84.01,21.27
647,7/27/07,647,84.04,20.99
648,7/30/07,648,82.7,21.03
649,7/31/07,649,78.54,20.92
650,8/1/07,650,77.31,21.39
651,8/2/07,651,79.71,21.54
652,8/3/07,652,76.8,21.39
653,8/6/07,653,79,21.77
654,8/7/07,654,79.14,21.87
655,8/8/07,655,77.78,22.43
656,8/9/07,656,74.11,22.42
657,8/10/07,657,74.78,22.07
658,8/13/07,658,74.87,21.89
659,8/14/07,659,73.45,21.74
660,8/15/07,660,72.38,21.61
661,8/16/07,661,72.79,21.51
662,8/17/07,662,75.02,21.86
663,8/20/07,663,74.7,21.89
664,8/21/07,664,77.49,21.69
665,8/22/07,665,78.5,21.66
666,8/23/07,666,77.3,21.67
667,8/24/07,667,79.25,21.68
668,8/27/07,668,78.65,21.69
669,8/28/07,669,76.22,21.38
670,8/29/07,670,79.05,21.48
671,8/30/07,671,78.68,21.44
672,8/31/07,672,79.91,21.59
673,9/4/07,673,82.7,21.83
674,9/5/07,674,83.75,21.56
675,9/6/07,675,86.21,21.95
676,9/7/07,676,84.52,21.92
677,9/10/07,677,83.34,21.91
678,9/11/07,678,86.28,22.35
679,9/12/07,679,87.3,22.56
680,9/13/07,680,87.26,22.57
681,9/14/07,681,87.77,22.78
682,9/17/07,682,86.91,22.33
683,9/18/07,683,88.75,22.79
684,9/19/07,684,89,22.87
685,9/20/07,685,89.65,22.75
686,9/21/07,686,91.3,22.84
687,9/24/07,687,92.59,22.91
688,9/25/07,688,93.48,23.03
689,9/26/07,689,93.43,23.17
690,9/27/07,690,93.38,23.16
691,9/28/07,691,93.15,23.22
692,10/1/07,692,93.41,23.39
693,10/2/07,693,92.36,23.4
694,10/3/07,694,92.46,23.26
695,10/4/07,695,92.26,23.38
696,10/5/07,696,93.43,23.46
697,10/8/07,697,95.85,23.35
698,10/9/07,698,95.32,23.38
699,10/10/07,699,94.66,23.38
700,10/11/07,700,89.34,23.1
701,10/12/07,701,92.37,23.35
702,10/15/07,702,90.53,23.29
703,10/16/07,703,89.53,23.33
704,10/17/07,704,90.55,23.87
705,10/18/07,705,89.85,23.98
706,10/19/07,706,89.76,23.74
707,10/22/07,707,91.29,23.94
708,10/23/07,708,100.82,24.14
709,10/24/07,709,88.73,24.31
710,10/25/07,710,88.21,24.76
711,10/26/07,711,90,24.87
712,10/29/07,712,90.1,24.98
713,10/30/07,713,88.24,24.94
714,10/31/07,714,89.15,24.95
715,11/1/07,715,87.65,24.6
716,11/2/07,716,85.98,24.44
717,11/5/07,717,84.37,24.38
718,11/6/07,718,87.27,24.65
719,11/7/07,719,87.04,24.22
720,11/8/07,720,83.58,24.83
721,11/9/07,721,78.89,24.57
722,11/12/07,722,77,24.18
723,11/13/07,723,79.86,24.66
724,11/14/07,724,78.51,24.79
725,11/15/07,725,77.85,25.03
726,11/16/07,726,78.6,25.3
727,11/19/07,727,79.18,25.17
728,11/20/07,728,80.39,25.37
729,11/21/07,729,79.76,25.15
730,11/23/07,730,81.43,25.17
731,11/26/07,731,81.3,24.94
732,11/27/07,732,85.59,25.44
733,11/28/07,733,90.3,25.58
734,11/29/07,734,89.15,25.5
735,11/30/07,735,90.56,25.22
736,12/3/07,736,90.91,25.26
737,12/4/07,737,94.41,25.49
738,12/5/07,738,93.19,25.61
739,12/6/07,739,94.21,25.62
740,12/7/07,740,94.31,25.65
741,12/10/07,741,93.02,25.7
742,12/11/07,742,90.75,25.58
743,12/12/07,743,91.28,25.9
744,12/13/07,744,92.4,26.03
745,12/14/07,745,89.08,25.92
746,12/17/07,746,85.09,25.37
747,12/18/07,747,86.89,25.27
748,12/19/07,748,89.38,25.53
749,12/20/07,749,90.58,25.3
750,12/21/07,750,91.26,25.62
751,12/24/07,751,91.01,25.67
752,12/26/07,752,92.85,25.59
753,12/27/07,753,94.25,25.3
754,12/28/07,754,94.45,25.29
755,12/31/07,755,92.64,24.93
756,1/2/08,756,96.25,24.81
757,1/3/08,757,95.21,25.07
758,1/4/08,758,88.79,25.12
759,1/7/08,759,88.82,25.71
760,1/8/08,760,87.88,25.82
761,1/9/08,761,85.22,26.51
762,1/10/08,762,84.26,26.63
763,1/11/08,763,81.08,25.9
764,1/14/08,764,82.87,26.12
765,1/15/08,765,80.24,25.84
766,1/16/08,766,80.35,25.45
767,1/17/08,767,80.12,25.2
768,1/18/08,768,79.76,24.67
769,1/22/08,769,78.48,23.88
770,1/23/08,770,73.97,23.91
771,1/24/08,771,77.67,24.32
772,1/25/08,772,77.6,23.72
773,1/28/08,773,75.82,24.13
774,1/29/08,774,73.95,23.78
775,1/30/08,775,74.21,23.46
776,1/31/08,776,77.7,23.96
777,2/1/08,777,74.63,24.07
778,2/4/08,778,73.95,23.81
779,2/5/08,779,72.09,23.31
780,2/6/08,780,68.49,23.44
781,2/7/08,781,70.91,23.74
782,2/8/08,782,73.5,24.07
783,2/11/08,783,75.19,24.17
784,2/12/08,784,74.45,24.34
785,2/13/08,785,77.73,24.12
786,2/14/08,786,75.8,23.78
787,2/15/08,787,72.96,23.87
788,2/19/08,788,72.08,23.6
789,2/20/08,789,73.64,23.65
790,2/21/08,790,69.9,23.55
791,2/22/08,791,72.08,23.66
792,2/25/08,792,73.27,23.87
793,2/26/08,793,71.69,24.18
794,2/27/08,794,70.87,24.39
795,2/28/08,795,67.85,24.15
796,2/29/08,796,64.47,23.74
797,3/3/08,797,62.43,23.97
798,3/4/08,798,65.34,24.11
799,3/5/08,799,64.99,24.24
800,3/6/08,800,62.74,24
801,3/7/08,801,64.09,23.9
802,3/10/08,802,63.47,23.83
803,3/11/08,803,67.15,24.15
804,3/12/08,804,66.51,24.2
805,3/13/08,805,68.32,24.09
806,3/14/08,806,68.22,23.52
807,3/17/08,807,66.53,23.58
808,3/18/08,808,71.7,24.29
809,3/19/08,809,70.17,24.51
810,3/20/08,810,73.19,24.95
811,3/24/08,811,75.95,25.01
812,3/25/08,812,75.17,25.1
813,3/26/08,813,73.8,25
814,3/27/08,814,70.8,25.06
815,3/28/08,815,69.76,24.91
816,3/31/08,816,71.3,24.88
817,4/1/08,817,76.7,25.12
818,4/2/08,818,77.37,24.71
819,4/3/08,819,74.94,24.76
820,4/4/08,820,76.87,24.63
821,4/7/08,821,76.9,24.68
822,4/8/08,822,77.3,24.74
823,4/9/08,823,74.39,24.85
824,4/10/08,824,74.83,25.07
825,4/11/08,825,71.99,24.65
826,4/14/08,826,72.61,24.94
827,4/15/08,827,72.5,24.91
828,4/16/08,828,74.59,25
829,4/17/08,829,74.04,24.8
830,4/18/08,830,80.1,24.57
831,4/21/08,831,80.18,24.67
832,4/22/08,832,79.6,24.48
833,4/23/08,833,81,24.66
834,4/24/08,834,77.69,24.63
835,4/25/08,835,80.86,24.25
836,4/28/08,836,81.97,24.11
837,4/29/08,837,80.74,24
838,4/30/08,838,78.63,24.06
839,5/1/08,839,79.36,24.15
840,5/2/08,840,77.31,24.02
841,5/5/08,841,75.92,23.86
842,5/6/08,842,75.71,23.82
843,5/7/08,843,73.18,23.31
844,5/8/08,844,72.79,23.01
845,5/9/08,845,72.41,22.95
846,5/12/08,846,74.53,23.06
847,5/13/08,847,74.56,23.1
848,5/14/08,848,74.2,23.11
849,5/15/08,849,76.12,23.3
850,5/16/08,850,76.46,23.33
851,5/19/08,851,82.29,23.51
852,5/20/08,852,80.72,23.34
853,5/21/08,853,78.3,23.16
854,5/22/08,854,79.26,23.82
855,5/23/08,855,78.35,23.97
856,5/27/08,856,80.62,23.95
857,5/28/08,857,80.08,23.48
858,5/29/08,858,80.35,23.66
859,5/30/08,859,81.62,23.41
860,6/2/08,860,80.23,23.3
861,6/3/08,861,80.11,23.06
862,6/4/08,862,81.5,23.18
863,6/5/08,863,84.51,23.38
864,6/6/08,864,80.63,22.81
865,6/9/08,865,79.43,22.83
866,6/10/08,866,79.62,23.71
867,6/11/08,867,77.28,23.51
868,6/12/08,868,76.15,23.51
869,6/13/08,869,79.17,22.8
870,6/16/08,870,81.7,22.29
871,6/17/08,871,82.97,22.2
872,6/18/08,872,82.52,21.87
873,6/19/08,873,84.26,21.96
874,6/20/08,874,81.1,22.08
875,6/23/08,875,80.68,21.92
876,6/24/08,876,79.64,21.96
877,6/25/08,877,80.51,22.26
878,6/26/08,878,76.3,21.9
879,6/27/08,879,74.66,21.33
880,6/30/08,880,73.33,21.39
881,7/1/08,881,73.62,20.99
882,7/2/08,882,71.44,21.14
883,7/3/08,883,72,21.18
884,7/7/08,884,72.49,21.1
885,7/8/08,885,75.04,21.18
886,7/9/08,886,70.61,20.94
887,7/10/08,887,70.63,20.59
888,7/11/08,888,68.54,20.68
889,7/14/08,889,66.28,20.97
890,7/15/08,890,67.03,21.31
891,7/16/08,891,71.84,21.54
892,7/17/08,892,72.11,20.71
893,7/18/08,893,69.12,20.59
894,7/21/08,894,68.48,20.41
895,7/22/08,895,67.97,21.13
896,7/23/08,896,70.54,21.6
897,7/24/08,897,78.72,21.34
898,7/25/08,898,78.31,21.42
899,7/28/08,899,75.98,21.05
900,7/29/08,900,78.21,21.22
901,7/30/08,901,78.21,21.11
902,7/31/08,902,76.34,21.19
903,8/1/08,903,75.75,21.87
904,8/4/08,904,75.71,22.18
905,8/5/08,905,79.11,22.59
906,8/6/08,906,78.09,22.78
907,8/7/08,907,76.95,22.22
908,8/8/08,908,80.51,22.8
909,8/11/08,909,88.09,22.78
910,8/12/08,910,87.25,22.54
911,8/13/08,911,86.69,22.72
912,8/14/08,912,88.03,22.64
913,8/15/08,913,86.4,22.66
914,8/18/08,914,83.11,22.36
915,8/19/08,915,81.29,22.36
916,8/20/08,916,82.13,22.36
917,8/21/08,917,83.26,22.02
918,8/22/08,918,85.26,22.37
919,8/25/08,919,82.85,22.04
920,8/26/08,920,81.76,22.02
921,8/27/08,921,81.73,22.13
922,8/28/08,922,83.42,21.86
923,8/29/08,923,80.81,21.43
924,9/2/08,924,81.41,21.38
925,9/3/08,925,80.77,21.26
926,9/4/08,926,78.03,21.28
927,9/5/08,927,79.19,21.37
928,9/8/08,928,81.16,21.96
929,9/9/08,929,79.04,22.17
930,9/10/08,930,76.74,22.14
931,9/11/08,931,79.51,22.44
932,9/12/08,932,78.3,22.58
933,9/15/08,933,77.34,22.69
934,9/16/08,934,78.73,22.73
935,9/17/08,935,71.54,21.82
936,9/18/08,936,76.5,22.12
937,9/19/08,937,81,21.85
938,9/22/08,938,74.93,21.29
939,9/23/08,939,71.76,21
940,9/24/08,940,69.96,20.8
941,9/25/08,941,72.08,21.33
942,9/26/08,942,70.7,21.75
943,9/29/08,943,63.35,21.15
944,9/30/08,944,72.76,21.91
945,10/1/08,945,69.58,22.44
946,10/2/08,946,67.36,22.21
947,10/3/08,947,67,21.79
948,10/6/08,948,65.23,21.1
949,10/7/08,949,58.52,20.43
950,10/8/08,950,61.02,19.65
951,10/9/08,951,56,17.94
952,10/10/08,952,56.25,17.2
953,10/13/08,953,62.02,19.58
954,10/14/08,954,55.86,18.12
955,10/15/08,955,48.72,18.32
956,10/16/08,956,50.29,18.97
957,10/17/08,957,50.65,18.32
958,10/20/08,958,52.97,19.25
959,10/21/08,959,50.23,19.07
960,10/22/08,960,49.99,18.81
961,10/23/08,961,50.32,17.84
962,10/24/08,962,48.96,17.24
963,10/27/08,963,49.58,16.99
964,10/28/08,964,56.04,18.75
965,10/29/08,965,56.89,18.17
966,10/30/08,966,56.71,18.51
967,10/31/08,967,57.24,18.26
968,11/3/08,968,55.77,18.83
969,11/4/08,969,58.45,19.07
970,11/5/08,970,51.98,18.54
971,11/6/08,971,47.22,18.44
972,11/7/08,972,49.21,19.17
973,11/10/08,973,48.46,19.02
974,11/11/08,974,46.3,18.42
975,11/12/08,975,41.56,18.16
976,11/13/08,976,44.93,19.18
977,11/14/08,977,41.75,18.66
978,11/17/08,978,39.69,18.22
979,11/18/08,979,38.44,18.02
980,11/19/08,980,35.84,17.52
981,11/20/08,981,35.03,17.02
982,11/21/08,982,37.87,18.23
983,11/24/08,983,42.5,18.74
984,11/25/08,984,42.19,18.68
985,11/26/08,985,43.96,18.97
986,11/28/08,986,42.7,19.59
987,12/1/08,987,40.47,18.53
988,12/2/08,988,41.19,18.36
989,12/3/08,989,45.21,19.28
990,12/4/08,990,47.32,18.7
991,12/5/08,991,48.26,19.22
992,12/8/08,992,51.41,19.22
993,12/9/08,993,51.25,18.74
994,12/10/08,994,49.7,18.94
995,12/11/08,995,48.25,18.48
996,12/12/08,996,51.25,18.63
997,12/15/08,997,48.85,18.79
998,12/16/08,998,52.63,19.42
999,12/17/08,999,53.18,19.01
1000,12/18/08,1000,52.08,18.88
1001,12/19/08,1001,51.56,18.57
1002,12/22/08,1002,49.84,18.66
1003,12/23/08,1003,51.08,18.38
1004,12/24/08,1004,51.44,18.43
1005,12/26/08,1005,51.78,18.63
1006,12/29/08,1006,49.4,18.56
1007,12/30/08,1007,50.76,18.78
1008,12/31/08,1008,51.28,18.92
1009,1/2/09,1009,54.36,19.18
1010,1/5/09,1010,54.06,18.99
1011,1/6/09,1011,57.36,18.69
1012,1/7/09,1012,56.2,18.78
1013,1/8/09,1013,57.16,18.91
1014,1/9/09,1014,55.51,18.64
1015,1/12/09,1015,51.92,18.28
1016,1/13/09,1016,51.45,18.4
1017,1/14/09,1017,48.49,17.81
1018,1/15/09,1018,51.44,18.12
1019,1/16/09,1019,51.59,18.32
1020,1/20/09,1020,48.44,17.92
1021,1/21/09,1021,50.54,18.09
1022,1/22/09,1022,49.94,18.02
1023,1/23/09,1023,50.63,17.64
1024,1/26/09,1024,49.63,17.98
1025,1/27/09,1025,48.44,18.11
1026,1/28/09,1026,50.36,18.33
1027,1/29/09,1027,50,18.2
1028,1/30/09,1028,58.82,17.85
1029,2/2/09,1029,61.15,17.65
1030,2/3/09,1030,63.59,18.1
1031,2/4/09,1031,61.06,17.72
1032,2/5/09,1032,63.18,17.84
1033,2/6/09,1033,66.55,18.2
1034,2/9/09,1034,66.71,17.68
1035,2/10/09,1035,63.31,17
1036,2/11/09,1036,64.35,17.25
1037,2/12/09,1037,63.96,18.55
1038,2/13/09,1038,63.26,18.33
1039,2/17/09,1039,61.67,17.8
1040,2/18/09,1040,62.35,17.84
1041,2/19/09,1041,61.95,18.1
1042,2/20/09,1042,63.86,17.9
1043,2/23/09,1043,61.71,17.59
1044,2/24/09,1044,65.6,18
1045,2/25/09,1045,63.71,17.71
1046,2/26/09,1046,62.34,17.16
1047,2/27/09,1047,64.79,17.07
1048,3/2/09,1048,61.99,16.59
1049,3/3/09,1049,61.7,16.23
1050,3/4/09,1050,64.81,16.6
1051,3/5/09,1051,64.77,15.82
1052,3/6/09,1052,61.69,16.34
1053,3/9/09,1053,60.49,16.19
1054,3/10/09,1054,65.71,16.37
1055,3/11/09,1055,68.54,16.71
1056,3/12/09,1056,69.58,17.25
1057,3/13/09,1057,68.63,17.41
1058,3/16/09,1058,66.98,17.43
1059,3/17/09,1059,71.35,17.51
1060,3/18/09,1060,71.25,17.59
1061,3/19/09,1061,70.1,17.81
1062,3/20/09,1062,69.96,18.01
1063,3/23/09,1063,75.58,18.64
1064,3/24/09,1064,72.81,18.59
1065,3/25/09,1065,72.4,18.9
1066,3/26/09,1066,73.69,18.94
1067,3/27/09,1067,70.52,19.05
1068,3/30/09,1068,71.44,18.55
1069,3/31/09,1069,73.44,18.56
1070,4/1/09,1070,73.5,18.95
1071,4/2/09,1071,76.34,19.15
1072,4/3/09,1072,78.17,18.99
1073,4/6/09,1073,77.99,19
1074,4/7/09,1074,75.51,18.85
1075,4/8/09,1075,76.98,19
1076,4/9/09,1076,79.77,19
1077,4/13/09,1077,78.94,18.89
1078,4/14/09,1078,77.22,18.67
1079,4/15/09,1079,74.71,19.02
1080,4/16/09,1080,77.25,19.05
1081,4/17/09,1081,78.05,19.01
1082,4/20/09,1082,77.57,18.72
1083,4/21/09,1083,78.74,18.2
1084,4/22/09,1084,79.2,18.13
1085,4/23/09,1085,80.61,18.13
1086,4/24/09,1086,84.46,18.07
1087,4/27/09,1087,83.12,17.84
1088,4/28/09,1088,82.4,17.86
1089,4/29/09,1089,79.79,18.04
1090,4/30/09,1090,80.52,18.18
1091,5/1/09,1091,78.96,17.94
1092,5/4/09,1092,79.77,18.23
1093,5/5/09,1093,81.9,18.22
1094,5/6/09,1094,81.99,18.14
1095,5/7/09,1095,79.28,18.08
1096,5/8/09,1096,77.95,18.13
1097,5/11/09,1097,78.61,18.06
1098,5/12/09,1098,77.93,18.75
1099,5/13/09,1099,74.19,18.43
1100,5/14/09,1100,75.11,18.96
1101,5/15/09,1101,73.6,18.99
1102,5/18/09,1102,75.95,19.46
1103,5/19/09,1103,77.87,19.7
1104,5/20/09,1104,77.97,19.85
1105,5/21/09,1105,75.96,19.72
1106,5/22/09,1106,75.64,19.98
1107,5/26/09,1107,78.39,19.94
1108,5/27/09,1108,77.1,19.69
1109,5/28/09,1109,77.65,19.81
1110,5/29/09,1110,77.99,20.76
1111,6/1/09,1111,83.05,20.7
1112,6/2/09,1112,84.93,20.97
1113,6/3/09,1113,85.68,20.73
1114,6/4/09,1114,85.52,21.02
1115,6/5/09,1115,87.56,20.88
1116,6/8/09,1116,86.36,20.86
1117,6/9/09,1117,87.08,20.73
1118,6/10/09,1118,86.59,20.45
1119,6/11/09,1119,85.69,20.69
1120,6/12/09,1120,84.08,20.82
1121,6/15/09,1121,83.18,20.49
1122,6/16/09,1122,82.15,20.37
1123,6/17/09,1123,82.65,20.42
1124,6/18/09,1124,81.6,21.11
1125,6/19/09,1125,82.96,20.79
1126,6/22/09,1126,79.15,20.44
1127,6/23/09,1127,77.68,20.36
1128,6/24/09,1128,79.27,20.23
1129,6/25/09,1129,82.2,20.38
1130,6/26/09,1130,83.88,20.5
1131,6/29/09,1131,83.03,20.57
1132,6/30/09,1132,83.66,20.44
1133,7/1/09,1133,81.6,20.95
1134,7/2/09,1134,79.32,20.82
1135,7/6/09,1135,78.1,20.87
1136,7/7/09,1136,75.63,20.72
1137,7/8/09,1137,77.36,20.66
1138,7/9/09,1138,78.1,20.75
1139,7/10/09,1139,77.63,20.58
1140,7/13/09,1140,81.47,20.89
1141,7/14/09,1141,81.95,21
1142,7/15/09,1142,84.55,21.52
1143,7/16/09,1143,86.11,21.63
1144,7/17/09,1144,85.85,21.43
1145,7/20/09,1145,88.23,21.74
1146,7/21/09,1146,89.01,21.45
1147,7/22/09,1147,88.79,20.93
1148,7/23/09,1148,93.87,20.95
1149,7/24/09,1149,86.49,21.03
1150,7/27/09,1150,84.24,21.09
1151,7/28/09,1151,84.98,21.04
1152,7/29/09,1152,84.34,20.99
1153,7/30/09,1153,86.09,21.16
1154,7/31/09,1154,85.76,21.23
1155,8/3/09,1155,87.44,21.13
1156,8/4/09,1156,85.8,21.08
1157,8/5/09,1157,84.29,20.94
1158,8/6/09,1158,84.47,21.04
1159,8/7/09,1159,85.32,21.02
1160,8/10/09,1160,84.44,21.06
1161,8/11/09,1161,83.56,20.89
1162,8/12/09,1162,85.96,20.64
1163,8/13/09,1163,84.6,20.5
1164,8/14/09,1164,83.58,20.65
1165,8/17/09,1165,81.06,20.74
1166,8/18/09,1166,82.12,20.71
1167,8/19/09,1167,83,21.03
1168,8/20/09,1168,84.09,21.05
1169,8/21/09,1169,85,21.26
1170,8/24/09,1170,84.5,20.9
1171,8/25/09,1171,84.19,20.76
1172,8/26/09,1172,84,20.95
1173,8/27/09,1173,84.31,21.06
1174,8/28/09,1174,82.76,20.9
1175,8/31/09,1175,81.19,20.77
1176,9/1/09,1176,79.16,20.67
1177,9/2/09,1177,78.14,21.21
1178,9/3/09,1178,78.46,21.12
1179,9/4/09,1179,78.87,21.28
1180,9/8/09,1180,80.9,21.47
1181,9/9/09,1181,82.24,21.57
1182,9/10/09,1182,83.85,21.54
1183,9/11/09,1183,84.54,22.12
1184,9/14/09,1184,83.86,22.4
1185,9/15/09,1185,83.55,22.52
1186,9/16/09,1186,90.7,22.62
1187,9/17/09,1187,90.44,22.94
1188,9/18/09,1188,90.28,23.09
1189,9/21/09,1189,90.56,22.76
1190,9/22/09,1190,93.75,22.7
1191,9/23/09,1191,92.38,22.58
1192,9/24/09,1192,92.11,22.48
1193,9/25/09,1193,90.52,22.75
1194,9/28/09,1194,92.21,22.82
1195,9/29/09,1195,91.72,22.89
1196,9/30/09,1196,93.36,23.06
1197,10/1/09,1197,91.04,22.81
1198,10/2/09,1198,89.85,23.13
1199,10/5/09,1199,88.67,23.1
1200,10/6/09,1200,90.91,23.33
1201,10/7/09,1201,93.97,23.54
1202,10/8/09,1202,95.22,23.44
1203,10/9/09,1203,95.71,23.47
1204,10/12/09,1204,93.6,23.53
1205,10/13/09,1205,94.83,23.53
1206,10/14/09,1206,97.46,23.55
1207,10/15/09,1207,96.01,23.58
1208,10/16/09,1208,95.32,23.62
1209,10/19/09,1209,94.68,23.53
1210,10/20/09,1210,94.98,23.22
1211,10/21/09,1211,93.42,23.22
1212,10/22/09,1212,93.45,23.25
1213,10/23/09,1213,118.49,22.86
1214,10/26/09,1214,124.64,22.86
1215,10/27/09,1215,122.07,22.96
1216,10/28/09,1216,121.64,22.98
1217,10/29/09,1217,122.58,23.23
1218,10/30/09,1218,118.81,22.89
1219,11/2/09,1219,118.84,23.07
1220,11/3/09,1220,118.37,22.81
1221,11/4/09,1221,117.1,22.97
1222,11/5/09,1222,120.61,23.36
1223,11/6/09,1223,126.2,23.4
1224,11/9/09,1224,126.67,23.83
1225,11/10/09,1225,130.15,23.97
1226,11/11/09,1226,129.91,24.1
1227,11/12/09,1227,130.53,24.02
1228,11/13/09,1228,132.97,24.25
1229,11/16/09,1229,131.59,24.37
1230,11/17/09,1230,131.25,24.42
1231,11/18/09,1231,131.29,24.3
1232,11/19/09,1232,128.99,24.43
1233,11/20/09,1233,129.66,24.68
1234,11/23/09,1234,133,25.01
1235,11/24/09,1235,132.94,24.99
1236,11/25/09,1236,134.03,24.95
1237,11/27/09,1237,131.74,24.73
1238,11/30/09,1238,135.91,24.74
1239,12/1/09,1239,138.5,25.12
1240,12/2/09,1240,142.25,25.07
1241,12/3/09,1241,141.17,24.77
1242,12/4/09,1242,137.58,24.86
1243,12/7/09,1243,134.21,25.03
1244,12/8/09,1244,134.11,24.95
1245,12/9/09,1245,131.31,25.01
1246,12/10/09,1246,135.38,25.34
1247,12/11/09,1247,134.15,25.56
1248,12/14/09,1248,131.38,25.53
1249,12/15/09,1249,130.23,25.54
1250,12/16/09,1250,128.36,25.27
1251,12/17/09,1251,126.91,24.64
1252,12/18/09,1252,128.48,24.62
1253,12/21/09,1253,132.79,24.73
1254,12/22/09,1254,133.75,24.77
1255,12/23/09,1255,138.94,24.78
1256,12/24/09,1256,138.47,24.84
1257,12/28/09,1257,139.31,24.84
1258,12/29/09,1258,139.41,24.97
1259,12/30/09,1259,136.49,24.95
1260,12/31/09,1260,134.52,24.65
1261,1/4/10,1261,133.9,24.67
1262,1/5/10,1262,134.69,24.37
1263,1/6/10,1263,132.25,24.36
1264,1/7/10,1264,130,24.3
1265,1/8/10,1265,133.52,23.85
1266,1/11/10,1266,130.31,24.34
1267,1/12/10,1267,127.35,24.6
1268,1/13/10,1268,129.11,24.66
1269,1/14/10,1269,127.35,24.71
1270,1/15/10,1270,127.14,24.34
1271,1/19/10,1271,127.61,24.4
1272,1/20/10,1272,125.78,24
1273,1/21/10,1273,126.62,23.51
1274,1/22/10,1274,121.43,23.46
1275,1/25/10,1275,120.31,23.51
1276,1/26/10,1276,119.48,23.41
1277,1/27/10,1277,122.75,23.57
1278,1/28/10,1278,126.03,23.43
1279,1/29/10,1279,125.41,23.46
1280,2/1/10,1280,118.87,23.52
1281,2/2/10,1281,118.12,23.81
1282,2/3/10,1282,119.1,23.73
1283,2/4/10,1283,115.94,23.11
1284,2/5/10,1284,117.39,22.96
1285,2/8/10,1285,116.83,22.77
1286,2/9/10,1286,118.03,23.36
1287,2/10/10,1287,117.36,23.26
1288,2/11/10,1288,120.09,23.45
1289,2/12/10,1289,119.66,23.35
1290,2/16/10,1290,117.53,23.71
1291,2/17/10,1291,116.31,23.93
1292,2/18/10,1292,118.08,24.18
1293,2/19/10,1293,117.52,24.1
1294,2/22/10,1294,118.01,23.95
1295,2/23/10,1295,117.24,23.71
1296,2/24/10,1296,119.72,23.86
1297,2/25/10,1297,118.2,22.97
1298,2/26/10,1298,118.4,22.8
1299,3/1/10,1299,124.54,23.04
1300,3/2/10,1300,125.53,23.05
1301,3/3/10,1301,125.89,23.32
1302,3/4/10,1302,128.53,23.56
1303,3/5/10,1303,128.91,23.66
1304,3/8/10,1304,130.11,23.55
1305,3/9/10,1305,128.82,23.43
1306,3/10/10,1306,130.51,23.44
1307,3/11/10,1307,133.58,23.37
1308,3/12/10,1308,131.82,23.26
1309,3/15/10,1309,131.13,23.39
1310,3/16/10,1310,131.79,23.41
1311,3/17/10,1311,131.34,23.48
1312,3/18/10,1312,132.76,23.52
1313,3/19/10,1313,130.35,23.87
1314,3/22/10,1314,130.47,23.78
1315,3/23/10,1315,129.26,24.11
1316,3/24/10,1316,128.04,23.82
1317,3/25/10,1317,134.73,23.89
1318,3/26/10,1318,135.06,23.83
1319,3/29/10,1319,135.12,23.88
1320,3/30/10,1320,136.58,23.92
1321,3/31/10,1321,135.77,23.98
1322,4/1/10,1322,131.81,24.11
1323,4/5/10,1323,131.49,23.92
1324,4/6/10,1324,135.56,23.67
1325,4/7/10,1325,134.87,23.47
1326,4/8/10,1326,140.96,23.44
1327,4/9/10,1327,140.06,23.8
1328,4/12/10,1328,141.2,23.88
1329,4/13/10,1329,140.16,23.99
1330,4/14/10,1330,144.28,23.96
1331,4/15/10,1331,145.82,23.66
1332,4/16/10,1332,142.17,23.97
1333,4/19/10,1333,142.43,24.12
1334,4/20/10,1334,144.2,23.75
1335,4/21/10,1335,146.43,23.63
1336,4/22/10,1336,150.09,23.68
1337,4/23/10,1337,143.63,23.49
1338,4/26/10,1338,147.11,23.43
1339,4/27/10,1339,142.02,23.05
1340,4/28/10,1340,139.35,23.27
1341,4/29/10,1341,141.73,23.43
1342,4/30/10,1342,137.1,23.31
1343,5/3/10,1343,137.49,23.44
1344,5/4/10,1344,129.83,23.19
1345,5/5/10,1345,130.93,23.4
1346,5/6/10,1346,128.71,22.8
1347,5/7/10,1347,124.98,22.97
1348,5/10/10,1348,131.29,23.56
1349,5/11/10,1349,130.46,23.38
1350,5/12/10,1350,133.87,23.55
1351,5/13/10,1351,131.47,23.32
1352,5/14/10,1352,128.53,23.26
1353,5/17/10,1353,128.91,23.29
1354,5/18/10,1354,126.28,23.15
1355,5/19/10,1355,124.59,23.16
1356,5/20/10,1356,119.71,22.47
1357,5/21/10,1357,122.72,22.49
1358,5/24/10,1358,122.12,22.44
1359,5/25/10,1359,124.86,22.07
1360,5/26/10,1360,123.21,21.84
1361,5/27/10,1361,126.7,22.34
1362,5/28/10,1362,125.46,22.41
1363,6/1/10,1363,123.24,22.36
1364,6/2/10,1364,126.31,22.85
1365,6/3/10,1365,128.76,23
1366,6/4/10,1366,122.77,22.36
1367,6/7/10,1367,122.01,22.15
1368,6/8/10,1368,118.84,22.48
1369,6/9/10,1369,117.91,22.39
1370,6/10/10,1370,123.21,22.87
1371,6/11/10,1371,123.03,22.71
1372,6/14/10,1372,123.83,22.65
1373,6/15/10,1373,126.84,22.94
1374,6/16/10,1374,126.9,23.04
1375,6/17/10,1375,125.89,23.02
1376,6/18/10,1376,125.83,23
1377,6/21/10,1377,122.55,23.08
1378,6/22/10,1378,122.31,23.07
1379,6/23/10,1379,121.45,22.97
1380,6/24/10,1380,118.33,22.78
1381,6/25/10,1381,121,22.1
1382,6/28/10,1382,117.8,22.46
1383,6/29/10,1383,108.61,22.13
1384,6/30/10,1384,109.26,22.04
1385,7/1/10,1385,110.96,22
1386,7/2/10,1386,109.14,22.01
1387,7/6/10,1387,110.06,22.17
1388,7/7/10,1388,113.43,22.63
1389,7/8/10,1389,116.22,23.05
1390,7/9/10,1390,117.26,23.04
1391,7/12/10,1391,119.51,23.06
1392,7/13/10,1392,123.65,23.18
1393,7/14/10,1393,123.3,23.23
1394,7/15/10,1394,122.06,23.24
1395,7/16/10,1395,118.49,23.03
1396,7/19/10,1396,119.94,22.98
1397,7/20/10,1397,120.1,23.41
1398,7/21/10,1398,117.43,23.78
1399,7/22/10,1399,120.07,23.86
1400,7/23/10,1400,118.87,24.07
1401,7/26/10,1401,118.4,24.16
1402,7/27/10,1402,117.13,24.21
1403,7/28/10,1403,117.13,24.13
1404,7/29/10,1404,116.86,24.18
1405,7/30/10,1405,117.89,24.23
1406,8/2/10,1406,120.07,24.8
1407,8/3/10,1407,122.42,24.79
1408,8/4/10,1408,127.58,24.87
1409,8/5/10,1409,127.83,24.79
1410,8/6/10,1410,128.32,24.95
1411,8/9/10,1411,128.83,25.11
1412,8/10/10,1412,130,25.05
1413,8/11/10,1413,125.89,24.64
1414,8/12/10,1414,126.56,24.49
1415,8/13/10,1415,124.69,24.51
1416,8/16/10,1416,126.07,24.57
1417,8/17/10,1417,128.86,24.68
1418,8/18/10,1418,129.65,24.55
1419,8/19/10,1419,127.57,24.31
1420,8/20/10,1420,127.76,24.32
1421,8/23/10,1421,126.6,24.45
1422,8/24/10,1422,124.53,24.47
1423,8/25/10,1423,126.85,24.36
1424,8/26/10,1424,124.86,24.25
1425,8/27/10,1425,126.64,24.69
1426,8/30/10,1426,123.79,24.43
1427,8/31/10,1427,124.83,24.57
1428,9/1/10,1428,132.49,25.2
1429,9/2/10,1429,135.21,25.23
1430,9/3/10,1430,138.79,25.31
1431,9/7/10,1431,137.22,25.34
1432,9/8/10,1432,139.14,25.43
1433,9/9/10,1433,140.38,25.63
1434,9/10/10,1434,142.44,25.73
1435,9/13/10,1435,145.07,25.71
1436,9/14/10,1436,145.75,25.52
1437,9/15/10,1437,145.45,25.44
1438,9/16/10,1438,148.13,25.48
1439,9/17/10,1439,148.32,25.5
1440,9/20/10,1440,151.3,25.68
1441,9/21/10,1441,150.73,25.75
1442,9/22/10,1442,151.83,25.8
1443,9/23/10,1443,152.85,25.64
1444,9/24/10,1444,160.73,25.97
1445,9/27/10,1445,159.37,25.96
1446,9/28/10,1446,159.7,26.18
1447,9/29/10,1447,158.99,26.03
1448,9/30/10,1448,157.06,25.93
1449,10/1/10,1449,153.71,26.19
1450,10/4/10,1450,155.39,26.09
1451,10/5/10,1451,160.87,26.43
1452,10/6/10,1452,155.4,26.49
1453,10/7/10,1453,156.27,26.33
1454,10/8/10,1454,155.55,26.32
1455,10/11/10,1455,153.03,26.39
1456,10/12/10,1456,156.48,26.41
1457,10/13/10,1457,155.17,26.56
1458,10/14/10,1458,155.53,26.54
1459,10/15/10,1459,164.64,26.56
1460,10/18/10,1460,163.56,26.58
1461,10/19/10,1461,158.67,26.73
1462,10/20/10,1462,158.67,27.09
1463,10/21/10,1463,164.97,27.23
1464,10/22/10,1464,169.13,27.3
1465,10/25/10,1465,169,27.03
1466,10/26/10,1466,169.95,27.13
1467,10/27/10,1467,167.51,27.11
1468,10/28/10,1468,166.84,27.12
1469,10/29/10,1469,165.23,27.17
1470,11/1/10,1470,162.58,27.34
1471,11/2/10,1471,164.61,27.41
1472,11/3/10,1472,168.47,27.45
1473,11/4/10,1473,168.93,27.67
1474,11/5/10,1474,170.77,27.73
1475,11/8/10,1475,171.99,27.67
1476,11/9/10,1476,170.27,27.75
1477,11/10/10,1477,173.33,27.71
1478,11/11/10,1478,170.37,27.82
1479,11/12/10,1479,165.68,27.88
1480,11/15/10,1480,158.9,27.89
1481,11/16/10,1481,157.78,27.5
1482,11/17/10,1482,158.35,27.7
1483,11/18/10,1483,164.17,28.28
1484,11/19/10,1484,164.82,28.5
1485,11/22/10,1485,170.39,28.47
1486,11/23/10,1486,168.2,28.19
1487,11/24/10,1487,177.25,28.63
1488,11/26/10,1488,177.2,28.4
1489,11/29/10,1489,179.49,28.28
1490,11/30/10,1490,175.4,28.18
1491,12/1/10,1491,176.55,28.86
1492,12/2/10,1492,176.53,28.95
1493,12/3/10,1493,175.68,28.77
1494,12/6/10,1494,178.05,28.55
1495,12/7/10,1495,176.77,28.61
1496,12/8/10,1496,176.29,28.72
1497,12/9/10,1497,174.85,28.92
1498,12/10/10,1498,175.62,28.84
1499,12/13/10,1499,174.25,28.93
1500,12/14/10,1500,173.94,28.51
1501,12/15/10,1501,175.57,28.88
1502,12/16/10,1502,178.04,29.15
1503,12/17/10,1503,177.58,29.31
1504,12/20/10,1504,183.29,29.14
1505,12/21/10,1505,184.75,29.22
1506,12/22/10,1506,184.76,29.26
1507,12/23/10,1507,182.59,29.26
1508,12/27/10,1508,182.14,29.03
1509,12/28/10,1509,181.09,29.16
1510,12/29/10,1510,183.37,29.2
1511,12/30/10,1511,182.75,29.22
1512,12/31/10,1512,180,29.34
1513,1/3/11,1513,184.22,29.1
1514,1/4/11,1514,185.01,28.49
1515,1/5/11,1515,187.42,28.32
1516,1/6/11,1516,185.86,28.12
1517,1/7/11,1517,185.49,28.07
1518,1/10/11,1518,184.68,28.13
1519,1/11/11,1519,184.34,27.97
1520,1/12/11,1520,184.08,28.12
1521,1/13/11,1521,185.53,28.28
1522,1/14/11,1522,188.75,28.16
1523,1/18/11,1523,191.25,28.32
1524,1/19/11,1524,186.87,28.29
1525,1/20/11,1525,181.96,28.07
1526,1/21/11,1526,177.42,28
1527,1/24/11,1527,176.85,28.22
1528,1/25/11,1528,176.7,28.09
1529,1/26/11,1529,175.39,28.09
1530,1/27/11,1530,184.45,27.97
1531,1/28/11,1531,171.14,27.75
1532,1/31/11,1532,169.64,28.04
1533,2/1/11,1533,172.11,28.13
1534,2/2/11,1534,173.53,28.04
1535,2/3/11,1535,173.71,27.91
1536,2/4/11,1536,175.93,27.91
1537,2/7/11,1537,176.43,27.89
1538,2/8/11,1538,183.06,28.05
1539,2/9/11,1539,185.3,28.17
1540,2/10/11,1540,186.21,28.35
1541,2/11/11,1541,189.25,28.36
1542,2/14/11,1542,190.42,28.17
1543,2/15/11,1543,189.03,28.19
1544,2/16/11,1544,186.62,28.28
1545,2/17/11,1545,187.76,28.8
1546,2/18/11,1546,186.5,28.8
1547,2/22/11,1547,180.42,28.44
1548,2/23/11,1548,176.68,28.51
1549,2/24/11,1549,177.75,28.5
1550,2/25/11,1550,177.24,28.69
1551,2/28/11,1551,173.29,28.52
1552,3/1/11,1552,169.44,28.96
1553,3/2/11,1553,172.02,28.74
1554,3/3/11,1554,172.79,29.25
1555,3/4/11,1555,171.67,29.09
1556,3/7/11,1556,169.08,29.1
1557,3/8/11,1557,166.89,29.28
1558,3/9/11,1558,169.05,29.27
1559,3/10/11,1559,166.14,29.13
1560,3/11/11,1560,168.07,29.12
1561,3/14/11,1561,166.73,28.73
1562,3/15/11,1562,165.08,28.32
1563,3/16/11,1563,164.7,27.68
1564,3/17/11,1564,160.97,27.99
1565,3/18/11,1565,161.82,28.17
1566,3/21/11,1566,164.52,28.56
1567,3/22/11,1567,162.6,28.54
1568,3/23/11,1568,165.32,28.88
1569,3/24/11,1569,171.1,29.07
1570,3/25/11,1570,170.98,29.31
1571,3/28/11,1571,169.35,29.22
1572,3/29/11,1572,174.62,29.53
1573,3/30/11,1573,179.42,29.67
1574,3/31/11,1574,180.13,29.81
1575,4/1/11,1575,180.13,30.2
1576,4/4/11,1576,182.94,30.4
1577,4/5/11,1577,185.29,30.32
1578,4/6/11,1578,182.76,30.39
1579,4/7/11,1579,184.91,30.3
1580,4/8/11,1580,184.71,30.23
1581,4/11/11,1581,184.04,30.29
1582,4/12/11,1582,180.48,30.06
1583,4/13/11,1583,182.29,30.23
1584,4/14/11,1584,181.82,30.69
1585,4/15/11,1585,180.01,30.56
1586,4/18/11,1586,178.34,30.25
1587,4/19/11,1587,178.82,30.15
1588,4/20/11,1588,183.87,30.49
1589,4/21/11,1589,185.89,30.5
1590,4/25/11,1590,185.42,30.44
1591,4/26/11,1591,182.3,30.07
1592,4/27/11,1592,196.63,30.11
1593,4/28/11,1593,195.07,30.29
1594,4/29/11,1594,195.81,30.31
1595,5/2/11,1595,201.19,30.43
1596,5/3/11,1596,198.45,30.5
1597,5/4/11,1597,199.97,30.31
1598,5/5/11,1598,197.11,29.97
1599,5/6/11,1599,197.6,30.06
1600,5/9/11,1600,200.8,30.08
1601,5/10/11,1601,203.94,30.26
1602,5/11/11,1602,204.38,30.25
1603,5/12/11,1603,206.07,30.69
1604,5/13/11,1604,202.56,30.64
1605,5/16/11,1605,192.51,30.48
1606,5/17/11,1606,194.81,30.55
1607,5/18/11,1607,197.09,30.69
1608,5/19/11,1608,198.8,30.76
1609,5/20/11,1609,198.65,30.69
1610,5/23/11,1610,196.22,30.33
1611,5/24/11,1611,193.27,30.32
1612,5/25/11,1612,192.26,30.07
1613,5/26/11,1613,195,29.97
1614,5/27/11,1614,194.13,29.89
1615,5/31/11,1615,196.69,30.02
1616,6/1/11,1616,192.4,30
1617,6/2/11,1617,193.65,29.67
1618,6/3/11,1618,188.32,29.45
1619,6/6/11,1619,185.69,29.4
1620,6/7/11,1620,187.55,29.3
1621,6/8/11,1621,188.05,29.39
1622,6/9/11,1622,189.68,29.61
1623,6/10/11,1623,186.53,29.38
1624,6/13/11,1624,186.29,29.47
1625,6/14/11,1625,189.96,29.69
1626,6/15/11,1626,185.98,29.41
1627,6/16/11,1627,183.65,29.64
1628,6/17/11,1628,186.37,29.7
1629,6/20/11,1629,187.72,29.79
1630,6/21/11,1630,194.23,29.99
1631,6/22/11,1631,191.63,30.05
1632,6/23/11,1632,194.16,29.41
1633,6/24/11,1633,192.55,29.39
1634,6/27/11,1634,201.25,29.51
1635,6/28/11,1635,202.35,29.88
1636,6/29/11,1636,204.18,30.19
1637,6/30/11,1637,204.49,30.46
1638,7/1/11,1638,209.49,30.82
1639,7/5/11,1639,213.19,30.91
1640,7/6/11,1640,214.19,31.02
1641,7/7/11,1641,216.74,31.12
1642,7/8/11,1642,218.28,31.08
1643,7/11/11,1643,212.55,30.82
1644,7/12/11,1644,211.23,30.71
1645,7/13/11,1645,213.5,30.8
1646,7/14/11,1646,210.38,30.63
1647,7/15/11,1647,212.87,30.56
1648,7/18/11,1648,211.53,30.38
1649,7/19/11,1649,218.06,31.37
1650,7/20/11,1650,215.55,31.17
1651,7/21/11,1651,213.21,31.38
1652,7/22/11,1652,216.52,31.56
1653,7/25/11,1653,213.49,31.35
1654,7/26/11,1654,214.18,31.32
1655,7/27/11,1655,222.52,31.09
1656,7/28/11,1656,223.9,31.14
1657,7/29/11,1657,222.52,30.78
1658,8/1/11,1658,221.32,30.65
1659,8/2/11,1659,211.7,30.36
1660,8/3/11,1660,209.96,30.96
1661,8/4/11,1661,201.48,29.79
1662,8/5/11,1662,202.7,30.22
1663,8/8/11,1663,193.7,29.47
1664,8/9/11,1664,205.09,30.18
1665,8/10/11,1665,194.13,28.95
1666,8/11/11,1666,198.36,30.08
1667,8/12/11,1667,202.3,30.39
1668,8/15/11,1668,202.95,30.87
1669,8/16/11,1669,197.68,30.85
1670,8/17/11,1670,195.93,31.36
1671,8/18/11,1671,182.52,30.67
1672,8/19/11,1672,178.93,30.37
1673,8/22/11,1673,177.54,30.45
1674,8/23/11,1674,193.55,31.26
1675,8/24/11,1675,193.73,31.54
1676,8/25/11,1676,192.03,30.76
1677,8/26/11,1677,199.27,31
1678,8/29/11,1678,206.53,31.56
1679,8/30/11,1679,210.92,31.62
1680,8/31/11,1680,215.23,31.89
1681,9/1/11,1681,212.54,31.89
1682,9/2/11,1682,210,31.56
1683,9/6/11,1683,216.18,31.42
1684,9/7/11,1684,219.9,32.04
1685,9/8/11,1685,217.26,32.21
1686,9/9/11,1686,211.39,31.4
1687,9/12/11,1687,216.56,31.4
1688,9/13/11,1688,219.53,31.49
1689,9/14/11,1689,222.57,31.79
1690,9/15/11,1690,226.78,32.36
1691,9/16/11,1691,239.3,32.46
1692,9/19/11,1692,241.69,32.12
1693,9/20/11,1693,233.25,32.19
1694,9/21/11,1694,231.87,31.57
1695,9/22/11,1695,223.23,30.9
1696,9/23/11,1696,223.61,30.72
1697,9/26/11,1697,229.85,31.33
1698,9/27/11,1698,224.21,31.7
1699,9/28/11,1699,229.71,31.01
1700,9/29/11,1700,222.44,31.46
1701,9/30/11,1701,216.23,30.79
1702,10/3/11,1702,211.98,29.81
1703,10/4/11,1703,212.5,29.72
1704,10/5/11,1704,219.5,29.86
1705,10/6/11,1705,221.51,29.8
1706,10/7/11,1706,224.74,30.03
1707,10/10/11,1707,231.32,30.49
1708,10/11/11,1708,235.48,30.44
1709,10/12/11,1709,236.81,30.75
1710,10/13/11,1710,236.15,30.71
1711,10/14/11,1711,246.71,30.92
1712,10/17/11,1712,242.33,30.53
1713,10/18/11,1713,243.88,30.41
1714,10/19/11,1714,231.53,30.54
1715,10/20/11,1715,233.61,30.59
1716,10/21/11,1716,234.78,31.07
1717,10/24/11,1717,237.61,30.93
1718,10/25/11,1718,227.15,30.51
1719,10/26/11,1719,198.4,30.74
1720,10/27/11,1720,206.78,31.25
1721,10/28/11,1721,217.32,31.41
1722,10/31/11,1722,213.51,31.13
1723,11/1/11,1723,212.1,30.55
1724,11/2/11,1724,215.62,30.88
1725,11/3/11,1725,218.29,31.28
1726,11/4/11,1726,216.48,30.89
1727,11/7/11,1727,217,31.08
1728,11/8/11,1728,217.99,31.28
1729,11/9/11,1729,211.22,30.54
1730,11/10/11,1730,210.79,30.71
1731,11/11/11,1731,217.39,31.04
1732,11/14/11,1732,218.93,30.89
1733,11/15/11,1733,217.83,30.99
1734,11/16/11,1734,211.99,30.54
1735,11/17/11,1735,204.52,30.36
1736,11/18/11,1736,197.14,30.71
1737,11/21/11,1737,189.25,30.05
1738,11/22/11,1738,192.34,30.06
1739,11/23/11,1739,188.99,29.56
1740,11/25/11,1740,182.4,29.5
1741,11/28/11,1741,194.15,29.7
1742,11/29/11,1742,188.39,30.38
1743,11/30/11,1743,192.29,30.86
1744,12/1/11,1744,197.13,30.67
1745,12/2/11,1745,196.03,30.47
1746,12/5/11,1746,196.24,30.44
1747,12/6/11,1747,191.99,30.61
1748,12/7/11,1748,195.32,30.65
1749,12/8/11,1749,190.48,30.63
1750,12/9/11,1750,193.03,31.01
1751,12/12/11,1751,189.52,30.7
1752,12/13/11,1752,180.51,30.51
1753,12/14/11,1753,180.21,30.41
1754,12/15/11,1754,181.26,30.7
1755,12/16/11,1755,181.26,30.95
1756,12/19/11,1756,179.33,30.92
1757,12/20/11,1757,182.52,31.4
1758,12/21/11,1758,174.35,31.93
1759,12/22/11,1759,179.03,31.76
1760,12/23/11,1760,177.28,32.1
1761,12/27/11,1761,176.27,32.07
1762,12/28/11,1762,173.89,31.9
1763,12/29/11,1763,173.86,32.2
1764,12/30/11,1764,173.1,32.12
1765,1/3/12,1765,179.03,32.19
1766,1/4/12,1766,177.51,31.99
1767,1/5/12,1767,177.61,31.84
1768,1/6/12,1768,182.61,31.64
1769,1/9/12,1769,178.56,31.64
1770,1/10/12,1770,179.34,31.83
1771,1/11/12,1771,178.9,31.24
1772,1/12/12,1772,175.93,31.01
1773,1/13/12,1773,178.42,30.75
1774,1/17/12,1774,181.66,30.91
1775,1/18/12,1775,189.44,31.02
1776,1/19/12,1776,194.45,30.96
1777,1/20/12,1777,190.93,31.25
1778,1/23/12,1778,186.09,31.45
1779,1/24/12,1779,187,31.17
1780,1/25/12,1780,187.8,31.41
1781,1/26/12,1781,193.32,31.22
1782,1/27/12,1782,195.37,30.95
1783,1/30/12,1783,192.15,30.96
1784,1/31/12,1784,194.44,31
1785,2/1/12,1785,179.46,31.14
1786,2/2/12,1786,181.72,31.13
1787,2/3/12,1787,187.68,31.25
1788,2/6/12,1788,183.14,31.23
1789,2/7/12,1789,184.19,31.46
1790,2/8/12,1790,185.48,31.36
1791,2/9/12,1791,184.98,31.2
1792,2/10/12,1792,185.54,31.18
1793,2/13/12,1793,191.59,31.41
1794,2/14/12,1794,191.3,31.62
1795,2/15/12,1795,184.47,31.4
1796,2/16/12,1796,179.93,31.61
1797,2/17/12,1797,182.5,31.69
1798,2/21/12,1798,182.26,31.59
1799,2/22/12,1799,180.58,31.79
1800,2/23/12,1800,178.89,31.75
1801,2/24/12,1801,179.13,31.67
1802,2/27/12,1802,178.53,31.59
1803,2/28/12,1803,183.8,31.6
1804,2/29/12,1804,179.69,32.07
1805,3/1/12,1805,180.04,31.95
1806,3/2/12,1806,179.3,31.75
1807,3/5/12,1807,180.26,31.78
1808,3/6/12,1808,181.09,31.56
1809,3/7/12,1809,183.77,31.57
1810,3/8/12,1810,187.64,31.79
1811,3/9/12,1811,184.32,31.9
1812,3/12/12,1812,183.39,32.2
1813,3/13/12,1813,184.59,32.48
1814,3/14/12,1814,182.26,32.47
1815,3/15/12,1815,184.43,32.52
1816,3/16/12,1816,185.05,32.44
1817,3/19/12,1817,185.52,32.55
1818,3/20/12,1818,192.33,32.64
1819,3/21/12,1819,191.73,32.88
1820,3/22/12,1820,192.4,33.02
1821,3/23/12,1821,195.04,33.05
1822,3/26/12,1822,202.87,33.24
1823,3/27/12,1823,205.44,33.23
1824,3/28/12,1824,201.16,33.59
1825,3/29/12,1825,204.61,34.13
1826,3/30/12,1826,202.51,34.22
1827,4/2/12,1827,198.05,34.28
1828,4/3/12,1828,199.66,34.1
1829,4/4/12,1829,193.99,33.96
1830,4/5/12,1830,194.39,33.97
1831,4/9/12,1831,191.87,33.69
1832,4/10/12,1832,186.98,33.3
1833,4/11/12,1833,187.97,33.34
1834,4/12/12,1834,190.69,33.39
1835,4/13/12,1835,188.46,33.26
1836,4/16/12,1836,185.5,33.49
1837,4/17/12,1837,188.39,34.19
1838,4/18/12,1838,191.07,34.29
1839,4/19/12,1839,191.1,34.13
1840,4/20/12,1840,189.98,34.27
1841,4/23/12,1841,188.24,34.07
1842,4/24/12,1842,190.33,34.27
1843,4/25/12,1843,194.42,34.64
1844,4/26/12,1844,195.99,35
1845,4/27/12,1845,226.85,35.43
1846,4/30/12,1846,231.9,35.29
1847,5/1/12,1847,230.04,35.57
1848,5/2/12,1848,230.25,35.68
1849,5/3/12,1849,229.45,35.8
1850,5/4/12,1850,223.99,35.6
1851,5/7/12,1851,225.16,35.73
1852,5/8/12,1852,223.9,35.67
1853,5/9/12,1853,222.98,35.5
1854,5/10/12,1854,226.69,35.79
1855,5/11/12,1855,227.68,35.82
1856,5/14/12,1856,222.93,35.54
1857,5/15/12,1857,224.39,35.4
1858,5/16/12,1858,224.06,35.29
1859,5/17/12,1859,218.36,34.73
1860,5/18/12,1860,213.85,34.24
1861,5/21/12,1861,218.11,34.45
1862,5/22/12,1862,215.33,34.3
1863,5/23/12,1863,217.28,34.47
1864,5/24/12,1864,215.24,34.94
1865,5/25/12,1865,212.89,34.78
1866,5/29/12,1866,214.75,34.89
1867,5/30/12,1867,209.23,34.7
1868,5/31/12,1868,212.91,34.55
1869,6/1/12,1869,208.22,33.79
1870,6/4/12,1870,214.57,34.05
1871,6/5/12,1871,213.21,33.86
1872,6/6/12,1872,217.64,34.5
1873,6/7/12,1873,218.8,34.34
1874,6/8/12,1874,218.48,34.79
1875,6/11/12,1875,216.5,34.52
1876,6/12/12,1876,216.42,34.77
1877,6/13/12,1877,214.73,34.77
1878,6/14/12,1878,214.45,35.26
1879,6/15/12,1879,218.35,35.42
1880,6/18/12,1880,222.66,35.37
1881,6/19/12,1881,224.03,35.26
1882,6/20/12,1882,223.02,35.17
1883,6/21/12,1883,220.57,34.76
1884,6/22/12,1884,222.16,34.89
1885,6/25/12,1885,220.07,34.81
1886,6/26/12,1886,225.61,34.95
1887,6/27/12,1887,225.62,35.54
1888,6/28/12,1888,221.31,35.64
1889,6/29/12,1889,228.35,36.4
1890,7/2/12,1890,229.32,36.74
1891,7/3/12,1891,229.53,36.85
1892,7/5/12,1892,227.06,36.52
1893,7/6/12,1893,225.05,36.38
1894,7/9/12,1894,225.05,36.3
1895,7/10/12,1895,219.5,36.3
1896,7/11/12,1896,218.37,36.06
1897,7/12/12,1897,215.36,35.68
1898,7/13/12,1898,218.39,35.97
1899,7/16/12,1899,216.01,35.6
1900,7/17/12,1900,216.93,36.17
1901,7/18/12,1901,217.47,36.05
1902,7/19/12,1902,226.17,36.1
1903,7/20/12,1903,228.29,35.86
1904,7/23/12,1904,226.01,35.79
1905,7/24/12,1905,223.04,35.69
1906,7/25/12,1906,217.05,35.85
1907,7/26/12,1907,220.01,36.71
1908,7/27/12,1908,237.32,37.25
1909,7/30/12,1909,236.09,37.76
1910,7/31/12,1910,233.3,37.61
1911,8/1/12,1911,232.09,37.71
1912,8/2/12,1912,230.81,37.12
1913,8/3/12,1913,234.97,37.63
1914,8/6/12,1914,233.99,37.54
1915,8/7/12,1915,236.56,37.13
1916,8/8/12,1916,234.38,37.04
1917,8/9/12,1917,234.06,36.89
1918,8/10/12,1918,232.75,36.68
1919,8/13/12,1919,232.44,36.59
1920,8/14/12,1920,233.19,36.66
1921,8/15/12,1921,237.42,36.64
1922,8/16/12,1922,241.55,36.82
1923,8/17/12,1923,241.17,36.8
1924,8/20/12,1924,240.35,36.75
1925,8/21/12,1925,239.45,36.55
1926,8/22/12,1926,243.1,36.1
1927,8/23/12,1927,241.2,35.48
1928,8/24/12,1928,245.74,35.82
1929,8/27/12,1929,243.92,35.54
1930,8/28/12,1930,246.11,35.38
1931,8/29/12,1931,247.12,34.88
1932,8/30/12,1932,246.22,34.58
1933,8/31/12,1933,248.27,34.82
1934,9/4/12,1934,247.88,34.71
1935,9/5/12,1935,246.22,34.92
1936,9/6/12,1936,251.38,35.52
1937,9/7/12,1937,259.14,35.29
1938,9/10/12,1938,257.09,35.06
1939,9/11/12,1939,255.67,35.16
1940,9/12/12,1940,255.63,35.2
1941,9/13/12,1941,260.24,35.95
1942,9/14/12,1942,261.27,35.73
1943,9/17/12,1943,258,35.95
1944,9/18/12,1944,258.75,36.2
1945,9/19/12,1945,261.68,36.11
1946,9/20/12,1946,260.81,36.22
1947,9/21/12,1947,257.47,35.65
1948,9/24/12,1948,254.8,35.73
1949,9/25/12,1949,252.46,35.32
1950,9/26/12,1950,249.67,35.39
1951,9/27/12,1951,256.59,35.91
1952,9/28/12,1952,254.32,35.55
1953,10/1/12,1953,252.01,35.98
1954,10/2/12,1954,250.6,35.94
1955,10/3/12,1955,255.92,35.84
1956,10/4/12,1956,260.47,35.93
1957,10/5/12,1957,258.51,36.16
1958,10/8/12,1958,259.06,36.16
1959,10/9/12,1959,250.96,36.14
1960,10/10/12,1960,244.99,35.7
1961,10/11/12,1961,244.22,35.72
1962,10/12/12,1962,242.36,35.83
1963,10/15/12,1963,244.18,35.74
1964,10/16/12,1964,243.94,35.53
1965,10/17/12,1965,247.49,35.38
1966,10/18/12,1966,244.85,35.47
1967,10/19/12,1967,240,35.06
1968,10/22/12,1968,233.78,34.9
1969,10/23/12,1969,234.31,34.32
1970,10/24/12,1970,228.49,34.57
1971,10/25/12,1971,222.92,34.77
1972,10/26/12,1972,238.24,34.72
1973,10/31/12,1973,232.89,34.85
1974,11/1/12,1974,232.14,34.99
1975,11/2/12,1975,232.42,34.76
1976,11/5/12,1976,234.33,34.47
1977,11/6/12,1977,237.56,35.08
1978,11/7/12,1978,232.06,34.42
1979,11/8/12,1979,227.35,34.08
1980,11/9/12,1980,226.31,34.02
1981,11/12/12,1981,226.47,33.82
1982,11/13/12,1982,226.6,33.89
1983,11/14/12,1983,222.95,33.75
1984,11/15/12,1984,220.6,34.15
1985,11/16/12,1985,225.23,34.27
1986,11/19/12,1986,229.71,34.91
1987,11/20/12,1987,233.78,34.92
1988,11/21/12,1988,238.03,35.05
1989,11/23/12,1989,239.88,35.55
1990,11/26/12,1990,243.62,35.02
1991,11/27/12,1991,243.4,35.08
1992,11/28/12,1992,247.11,35.45
1993,11/29/12,1993,251.27,35.84
1994,11/30/12,1994,252.05,35.79
1995,12/3/12,1995,250.33,35.28
1996,12/4/12,1996,252.49,35.06
1997,12/5/12,1997,253.96,35.21
1998,12/6/12,1998,253.37,35.28
1999,12/7/12,1999,253.27,35.59
2000,12/10/12,2000,247.77,35.52
2001,12/11/12,2001,250.69,35.73
2002,12/12/12,2002,251.76,35.52
2003,12/13/12,2003,251.25,35.49
2004,12/14/12,2004,249.19,35.54
2005,12/17/12,2005,253.86,35.39
2006,12/18/12,2006,260.4,35.18
2007,12/19/12,2007,257.99,34.71
2008,12/20/12,2008,261.5,34.97
2009,12/21/12,2009,256.92,34.82
2010,12/24/12,2010,258.62,34.67
2011,12/26/12,2011,248.63,34.37
2012,12/27/12,2012,248.31,34.37
2013,12/28/12,2013,245.18,33.95
2014,12/31/12,2014,250.87,34.21
2015,1/2/13,2015,257.31,35.49
2016,1/3/13,2016,258.48,35.49
2017,1/4/13,2017,259.15,35.54
2018,1/7/13,2018,268.46,35.2
2019,1/8/13,2019,266.38,34.96
2020,1/9/13,2020,266.35,34.95
2021,1/10/13,2021,265.34,34.88
2022,1/11/13,2022,267.94,34.84
2023,1/14/13,2023,272.73,34.91
2024,1/15/13,2024,271.9,35.22
2025,1/16/13,2025,268.93,35.22
2026,1/17/13,2026,270.48,35.4
2027,1/18/13,2027,272.12,35.58
2028,1/22/13,2028,270.19,35.04
2029,1/23/13,2029,268.11,35.04
2030,1/24/13,2030,273.46,35.02
2031,1/25/13,2031,283.99,34.97
2032,1/28/13,2032,276.04,34.93
2033,1/29/13,2033,260.35,35.32
2034,1/30/13,2034,272.76,35.39
2035,1/31/13,2035,265.5,35.15
2036,2/1/13,2036,265,35.43
2037,2/4/13,2037,259.98,35.25
2038,2/5/13,2038,266.89,36
2039,2/6/13,2039,262.22,36.16
2040,2/7/13,2040,260.23,36.72
2041,2/8/13,2041,261.95,36.59
2042,2/11/13,2042,257.21,36.44
2043,2/12/13,2043,258.7,35.45
2044,2/13/13,2044,269.47,35.12
2045,2/14/13,2045,269.24,34.77
2046,2/15/13,2046,265.09,35.32
2047,2/19/13,2047,269.75,35.55
2048,2/20/13,2048,266.41,35.61
2049,2/21/13,2049,265.94,35.59
2050,2/22/13,2050,265.42,36.35
2051,2/25/13,2051,259.87,35.6
2052,2/26/13,2052,259.36,35.97
2053,2/27/13,2053,263.25,36.29
2054,2/28/13,2054,264.27,36.54
2055,3/1/13,2055,265.74,36.52
2056,3/4/13,2056,273.11,36.64
2057,3/5/13,2057,275.59,36.51
2058,3/6/13,2058,273.79,36.83
2059,3/7/13,2059,273.88,36.92
2060,3/8/13,2060,274.19,37.02
2061,3/11/13,2061,271.24,37.1
2062,3/12/13,2062,274.13,36.77
2063,3/13/13,2063,275.1,36.68
2064,3/14/13,2064,265.74,37.09
2065,3/15/13,2065,261.82,36.91
2066,3/18/13,2066,257.89,36.85
2067,3/19/13,2067,256.41,37.39
2068,3/20/13,2068,257.28,37.9
2069,3/21/13,2069,253.39,38.09
2070,3/22/13,2070,257.75,38.06
2071,3/25/13,2071,256.02,38.14
2072,3/26/13,2072,260.31,38.68
2073,3/27/13,2073,265.3,38.23
2074,3/28/13,2074,266.49,38.44
2075,4/1/13,2075,261.61,38.45
2076,4/2/13,2076,263.32,38.71
2077,4/3/13,2077,259.03,38.19
2078,4/4/13,2078,259.08,38.54
2079,4/5/13,2079,255.48,38.1
2080,4/8/13,2080,258.95,38.84
2081,4/9/13,2081,261.14,38.7
2082,4/10/13,2082,264.77,39.04
2083,4/11/13,2083,269.85,39.15
2084,4/12/13,2084,272.87,39.05
2085,4/15/13,2085,267.72,38.11
2086,4/16/13,2086,272.34,40.28
2087,4/17/13,2087,267.4,40.45
2088,4/18/13,2088,259.42,40.02
2089,4/19/13,2089,260.32,40.55
2090,4/22/13,2090,263.55,40.61
2091,4/23/13,2091,268.9,40.59
2092,4/24/13,2092,268.78,40.07
2093,4/25/13,2093,274.7,40.26
2094,4/26/13,2094,254.81,40.02
2095,4/29/13,2095,249.74,40.15
2096,4/30/13,2096,253.81,40.24
2097,5/1/13,2097,248.23,40.13
2098,5/2/13,2098,252.55,39.89
2099,5/3/13,2099,258.05,40.15
2100,5/6/13,2100,255.72,40
2101,5/7/13,2101,257.73,40.59
2102,5/8/13,2102,258.68,40.36
2103,5/9/13,2103,260.16,40.04
2104,5/10/13,2104,263.63,40.07
2105,5/13/13,2105,264.51,40.11
2106,5/14/13,2106,268.33,40.42
2107,5/15/13,2107,266.56,40.8
2108,5/16/13,2108,264.12,40.96
2109,5/17/13,2109,269.9,40.85
2110,5/20/13,2110,267.63,40.29
2111,5/21/13,2111,268.86,40.25
2112,5/22/13,2112,262.96,40.16
2113,5/23/13,2113,261.8,39.86
2114,5/24/13,2114,261.74,40.15
2115,5/28/13,2115,267.29,40.45
2116,5/29/13,2116,265.53,39.36
2117,5/30/13,2117,266.83,38.76
2118,5/31/13,2118,269.2,38.02
2119,6/3/13,2119,266.88,38.79
2120,6/4/13,2120,265.7,39.37
2121,6/5/13,2121,267.17,38.64
2122,6/6/13,2122,267.83,38.78
2123,6/7/13,2123,276.87,39.36
2124,6/10/13,2124,281.07,39.15
2125,6/11/13,2125,274.78,38.78
2126,6/12/13,2126,271.67,38.66
2127,6/13/13,2127,275.79,38.68
2128,6/14/13,2128,273.99,38.61
2129,6/17/13,2129,278.06,38.94
2130,6/18/13,2130,281.76,39.18
2131,6/19/13,2131,278.16,38.68
2132,6/20/13,2132,273.44,37.45
2133,6/21/13,2133,273.36,38.06
2134,6/24/13,2134,270.61,37.84
2135,6/25/13,2135,272.09,38.02
2136,6/26/13,2136,277.57,38.6
2137,6/27/13,2137,277.55,38.54
2138,6/28/13,2138,277.69,38.39
2139,7/1/13,2139,282.1,38.73
2140,7/2/13,2140,283.73,38.64
2141,7/3/13,2141,284.03,38.76
2142,7/5/13,2142,285.88,38.79
2143,7/8/13,2143,290.59,38.8
2144,7/9/13,2144,291.53,39.08
2145,7/10/13,2145,292.33,38.94
2146,7/11/13,2146,299.66,39.27
2147,7/12/13,2147,307.55,39.27
2148,7/15/13,2148,306.57,39.25
2149,7/16/13,2149,306.87,38.51
2150,7/17/13,2150,308.69,39.09
2151,7/18/13,2151,304.11,39.06
2152,7/19/13,2152,305.23,39.33
2153,7/22/13,2153,303.48,39.09
2154,7/23/13,2154,301.06,39.21
2155,7/24/13,2155,298.94,39.11
2156,7/25/13,2156,303.4,39.09
2157,7/26/13,2157,312.01,38.9
2158,7/29/13,2158,306.1,38.56
2159,7/30/13,2159,302.41,38.59
2160,7/31/13,2160,301.22,38.36
2161,8/1/13,2161,305.57,38.83
2162,8/2/13,2162,304.21,38.5
2163,8/5/13,2163,300.99,38.56
2164,8/6/13,2164,300.75,38.64
2165,8/7/13,2165,296.91,38.43
2166,8/8/13,2166,295.74,38.48
2167,8/9/13,2167,297.26,38.44
2168,8/12/13,2168,296.69,38.12
2169,8/13/13,2169,293.97,37.95
2170,8/14/13,2170,291.34,37.84
2171,8/15/13,2171,286.47,37.42
2172,8/16/13,2172,284.82,37.38
2173,8/19/13,2173,285.57,37.12
2174,8/20/13,2174,287.09,37
2175,8/21/13,2175,284.57,36.64
2176,8/22/13,2176,289.73,36.67
2177,8/23/13,2177,290.01,36.87
2178,8/26/13,2178,286.21,36.49
2179,8/27/13,2179,280.93,36.52
2180,8/28/13,2180,281.58,36.71
2181,8/29/13,2181,283.98,36.47
2182,8/30/13,2182,280.98,36.55
2183,9/3/13,2183,288.8,36.28
2184,9/4/13,2184,293.64,36.89
2185,9/5/13,2185,294.1,36.6
2186,9/6/13,2186,295.86,36.71
2187,9/9/13,2187,299.71,36.87
2188,9/10/13,2188,300.36,36.98
2189,9/11/13,2189,299.64,37.12
2190,9/12/13,2190,298.86,37.06
2191,9/13/13,2191,297.92,37.3
2192,9/16/13,2192,296.06,37.47
2193,9/17/13,2193,304.17,37.4
2194,9/18/13,2194,312.03,38.17
2195,9/19/13,2195,312.06,37.9
2196,9/20/13,2196,316.34,37.99
2197,9/23/13,2197,311.49,37.24
2198,9/24/13,2198,314.13,37.15
2199,9/25/13,2199,312.65,36.96
2200,9/26/13,2200,318.12,37.35
2201,9/27/13,2201,316.01,37.02
2202,9/30/13,2202,312.64,36.52
2203,10/1/13,2203,320.95,36.59
2204,10/2/13,2204,320.51,36.09
2205,10/3/13,2205,314.76,35.83
2206,10/4/13,2206,319.04,35.87
2207,10/7/13,2207,310.03,35.72
2208,10/8/13,2208,303.23,35.94
2209,10/9/13,2209,298.23,35.75
2210,10/10/13,2210,305.17,36.43
2211,10/11/13,2211,310.89,36.42
2212,10/14/13,2212,310.7,36.55
2213,10/15/13,2213,306.4,36.31
2214,10/16/13,2214,310.49,36.64
2215,10/17/13,2215,310.77,37.17
2216,10/18/13,2216,328.93,37.39
2217,10/21/13,2217,326.44,37.43
2218,10/22/13,2218,332.54,37.69
2219,10/23/13,2219,326.76,37.69
2220,10/24/13,2220,332.21,37.41
2221,10/25/13,2221,363.39,37.63
2222,10/28/13,2222,358.16,38.19
2223,10/29/13,2223,362.7,38.37
2224,10/30/13,2224,361.08,38.2
2225,10/31/13,2225,364.03,38.15
2226,11/1/13,2226,359,38.19
2227,11/4/13,2227,358.74,38.09
2228,11/5/13,2228,358.89,38.08
2229,11/6/13,2229,356.18,38.61
2230,11/7/13,2230,343.56,38.4
2231,11/8/13,2231,350.31,38.61
2232,11/11/13,2232,354.38,38.44
2233,11/12/13,2233,349.53,38.45
2234,11/13/13,2234,356.22,38.68
2235,11/14/13,2235,367.4,38.77
2236,11/15/13,2236,369.17,38.78
2237,11/18/13,2237,366.18,38.73
2238,11/19/13,2238,364.94,38.7
2239,11/20/13,2239,362.57,38.62
2240,11/21/13,2240,368.92,38.98
2241,11/22/13,2241,372.31,38.98
2242,11/25/13,2242,376.64,38.92
2243,11/26/13,2243,381.37,38.81
2244,11/27/13,2244,386.71,39.02
2245,11/29/13,2245,393.62,39.02
2246,12/2/13,2246,392.3,38.91
2247,12/3/13,2247,384.66,39.18
2248,12/4/13,2248,385.96,39.2
2249,12/5/13,2249,384.49,38.67
2250,12/6/13,2250,386.95,39.28
2251,12/9/13,2251,384.89,39.22
2252,12/10/13,2252,387.78,38.69
2253,12/11/13,2253,382.19,38.96
2254,12/12/13,2254,381.25,38.07
2255,12/13/13,2255,384.24,38.09
2256,12/16/13,2256,388.97,38.13
2257,12/17/13,2257,387.65,37.96
2258,12/18/13,2258,395.96,38.86
2259,12/19/13,2259,395.19,38.7
2260,12/20/13,2260,402.2,38.87
2261,12/23/13,2261,402.92,38.99
2262,12/24/13,2262,399.2,39.02
2263,12/26/13,2263,404.39,39.31
2264,12/27/13,2264,398.08,39.48
2265,12/30/13,2265,393.37,39.89
2266,12/31/13,2266,398.79,40.11
2267,1/2/14,2267,397.97,39.48
2268,1/3/14,2268,396.44,39.28
2269,1/6/14,2269,393.63,39.1
2270,1/7/14,2270,398.03,39.21
2271,1/8/14,2271,401.92,38.78
2272,1/9/14,2272,401.01,38.57
2273,1/10/14,2273,397.66,38.96
2274,1/13/14,2274,390.98,38.38
2275,1/14/14,2275,397.54,38.54
2276,1/15/14,2276,395.87,38.6
2277,1/16/14,2277,395.8,38.55
2278,1/17/14,2278,399.61,38.14
2279,1/21/14,2279,407.05,38.76
2280,1/22/14,2280,404.54,38.74
2281,1/23/14,2281,399.87,38.1
2282,1/24/14,2282,387.6,37.71
2283,1/27/14,2283,386.28,37.6
2284,1/28/14,2284,394.43,37.74
2285,1/29/14,2285,384.2,36.8
2286,1/30/14,2286,403.01,37.06
2287,1/31/14,2287,358.69,36.72
2288,2/3/14,2288,346.15,36.12
2289,2/4/14,2289,347.95,36.39
2290,2/5/14,2290,346.45,36.52
2291,2/6/14,2291,354.59,36.92
2292,2/7/14,2292,361.08,36.85
2293,2/10/14,2293,360.87,37.45
2294,2/11/14,2294,361.79,37.52
2295,2/12/14,2295,349.25,37.39
2296,2/13/14,2296,357.2,37.53
2297,2/14/14,2297,357.35,37.8
2298,2/18/14,2298,353.65,36.38
2299,2/19/14,2299,347.38,36.02
2300,2/20/14,2300,349.8,36.21
2301,2/21/14,2301,346.76,36.1
2302,2/24/14,2302,351.78,36.41
2303,2/25/14,2303,358.32,36.67
2304,2/26/14,2304,359.8,36.77
2305,2/27/14,2305,360.13,36.96
2306,2/28/14,2306,362.1,37.09
2307,3/3/14,2307,359.78,37.01
2308,3/4/14,2308,363.9,37.2
2309,3/5/14,2309,372.37,37.23
2310,3/6/14,2310,372.16,37.35
2311,3/7/14,2311,372.06,37.43
2312,3/10/14,2312,370.53,37.53
2313,3/11/14,2313,368.82,37.67
2314,3/12/14,2314,370.64,37.65
2315,3/13/14,2315,371.51,37.16
2316,3/14/14,2316,373.74,37.35
2317,3/17/14,2317,375.04,37.45
2318,3/18/14,2318,378.77,37.58
2319,3/19/14,2319,373.23,37.32
2320,3/20/14,2320,368.97,37.63
2321,3/21/14,2321,360.62,37.62
2322,3/24/14,2322,351.85,37.58
2323,3/25/14,2323,354.71,37.79
2324,3/26/14,2324,343.41,37.78
2325,3/27/14,2325,338.47,37.99
2326,3/28/14,2326,338.29,38.12
2327,3/31/14,2327,336.37,37.83
2328,4/1/14,2328,342.99,37.59
2329,4/2/14,2329,341.96,37.51
2330,4/3/14,2330,333.62,37.26
2331,4/4/14,2331,323,37.4
2332,4/7/14,2332,317.76,37.79
2333,4/8/14,2333,327.07,38.07
2334,4/9/14,2334,331.81,38.16
2335,4/10/14,2335,317.11,38.06
2336,4/11/14,2336,311.73,37.8
2337,4/14/14,2337,315.91,37.9
2338,4/15/14,2338,316.08,39.32
2339,4/16/14,2339,323.68,39.72
2340,4/17/14,2340,324.91,39.85
2341,4/21/14,2341,330.87,39.88
2342,4/22/14,2342,329.32,39.84
2343,4/23/14,2343,324.58,39.86
2344,4/24/14,2344,337.15,39.83
2345,4/25/14,2345,303.83,40.13
2346,4/28/14,2346,296.58,40.15
2347,4/29/14,2347,300.38,39.7
2348,4/30/14,2348,304.13,39.92
2349,5/1/14,2349,307.89,39.91
2350,5/2/14,2350,308.01,40.07
2351,5/5/14,2351,310.05,39.89
2352,5/6/14,2352,297.38,39.62
2353,5/7/14,2353,292.71,40.03
2354,5/8/14,2354,288.32,39.86
2355,5/9/14,2355,292.24,40
2356,5/12/14,2356,302.86,39.95
2357,5/13/14,2357,304.64,40.23
2358,5/14/14,2358,297.62,40.01
2359,5/15/14,2359,295.19,39.65
2360,5/16/14,2360,297.7,40.01
2361,5/19/14,2361,296.76,39.84
2362,5/20/14,2362,301.19,39.71
2363,5/21/14,2363,305.01,40
2364,5/22/14,2364,304.91,39.71
2365,5/23/14,2365,312.24,39.71
2366,5/27/14,2366,310.82,39.9
2367,5/28/14,2367,310.16,39.71
2368,5/29/14,2368,313.78,39.79
2369,5/30/14,2369,312.55,40.03
2370,6/2/14,2370,308.84,39.99
2371,6/3/14,2371,307.19,40
2372,6/4/14,2372,306.78,39.92
2373,6/5/14,2373,323.57,40.01
2374,6/6/14,2374,329.67,40.11
2375,6/9/14,2375,327.5,40.03
2376,6/10/14,2376,332.41,40.19
2377,6/11/14,2377,335.2,39.99
2378,6/12/14,2378,325.91,39.85
2379,6/13/14,2379,326.27,39.8
2380,6/16/14,2380,327.62,40.09
2381,6/17/14,2381,325.62,40.35
2382,6/18/14,2382,334.38,40.98
2383,6/19/14,2383,327,41.2
2384,6/20/14,2384,324.2,41.1
2385,6/23/14,2385,327.24,41.14
2386,6/24/14,2386,324.16,41.26
2387,6/25/14,2387,327.44,41.37
2388,6/26/14,2388,325.69,41.44
2389,6/27/14,2389,324.57,41.6
2390,6/30/14,2390,324.78,41.76
2391,7/1/14,2391,332.39,41.7
2392,7/2/14,2392,332.85,41.7
2393,7/3/14,2393,337.49,41.64
2394,7/7/14,2394,333.55,41.55
2395,7/8/14,2395,323.81,41.35
2396,7/9/14,2396,329.97,41.36
2397,7/10/14,2397,327.92,41.67
2398,7/11/14,2398,346.2,41.38
2399,7/14/14,2399,355.32,41.78
2400,7/15/14,2400,354.44,41.51
2401,7/16/14,2401,355.9,41.53
2402,7/17/14,2402,352.45,41.43
2403,7/18/14,2403,358.66,41.83
2404,7/21/14,2404,359.76,41.8
2405,7/22/14,2405,360.84,40.61
2406,7/23/14,2406,358.14,40.24
2407,7/24/14,2407,358.61,40.39
2408,7/25/14,2408,324.01,40.42
2409,7/28/14,2409,320.41,40.11
2410,7/29/14,2410,320,39.78
2411,7/30/14,2411,322.51,39.06
2412,7/31/14,2412,312.99,38.74
2413,8/1/14,2413,307.06,38.74
2414,8/4/14,2414,313.65,38.85
2415,8/5/14,2415,312.32,38.63
2416,8/6/14,2416,313.89,39.36
2417,8/7/14,2417,311.45,38.8
2418,8/8/14,2418,316.8,38.9
2419,8/11/14,2419,318.33,39.01
2420,8/12/14,2420,319.32,39.12
2421,8/13/14,2421,326.28,39.38
2422,8/14/14,2422,333.21,39.62
2423,8/15/14,2423,333.63,40.31
2424,8/18/14,2424,334.53,40.77
2425,8/19/14,2425,335.13,40.68
2426,8/20/14,2426,335.78,40.67
2427,8/21/14,2427,332.91,40.83
2428,8/22/14,2428,331.59,40.54
2429,8/25/14,2429,334.02,40.83
2430,8/26/14,2430,341.83,41.02
2431,8/27/14,2431,343.18,41.02
2432,8/28/14,2432,340.02,41.05
2433,8/29/14,2433,339.04,41.13
2434,9/2/14,2434,342.38,41.06
2435,9/3/14,2435,339,41.19
2436,9/4/14,2436,345.95,41.28
2437,9/5/14,2437,346.38,41.25
2438,9/8/14,2438,342.34,41.19
2439,9/9/14,2439,329.75,41.35
2440,9/10/14,2440,331.33,41.58
2441,9/11/14,2441,330.52,41.66
2442,9/12/14,2442,331.19,41.18
2443,9/15/14,2443,323.89,41.22
2444,9/16/14,2444,327.76,41.35
2445,9/17/14,2445,324,41.32
2446,9/18/14,2446,325,41.5
2447,9/19/14,2447,331.32,41.76
2448,9/22/14,2448,324.5,41.93
2449,9/23/14,2449,323.63,41.6
2450,9/24/14,2450,328.21,41.98
2451,9/25/14,2451,321.93,41.49
2452,9/26/14,2452,323.21,41.91
2453,9/29/14,2453,321.82,41.96
2454,9/30/14,2454,322.44,42.37
2455,10/1/14,2455,317.46,42.45
2456,10/2/14,2456,318.41,42.37
2457,10/3/14,2457,322.74,42.7
2458,10/6/14,2458,322.2,43.3
2459,10/7/14,2459,316.98,43.62
2460,10/8/14,2460,322.7,44.24
2461,10/9/14,2461,315.37,43.57
2462,10/10/14,2462,311.39,44.16
2463,10/13/14,2463,306.45,43.77
2464,10/14/14,2464,308.31,43.34
2465,10/15/14,2465,305.97,42.93
2466,10/16/14,2466,302.86,42.27
2467,10/17/14,2467,303.64,42.59
2468,10/20/14,2468,306.21,42.99
2469,10/21/14,2469,315.33,40.4
2470,10/22/14,2470,312.97,40.34
2471,10/23/14,2471,313.18,40.58
2472,10/24/14,2472,287.06,40.75
2473,10/27/14,2473,289.97,40.48
2474,10/28/14,2474,295.59,40.28
2475,10/29/14,2475,294.12,40.68
2476,10/30/14,2476,299.07,41.12
2477,10/31/14,2477,305.46,41.59
2478,11/3/14,2478,305.72,41.52
2479,11/4/14,2479,302.81,41.53
2480,11/5/14,2480,296.52,42.02
2481,11/6/14,2481,296.64,42
2482,11/7/14,2482,299.86,42.03
2483,11/10/14,2483,305.11,42.1
2484,11/11/14,2484,312.01,42.22
2485,11/12/14,2485,311.51,42.42
2486,11/13/14,2486,316.48,42.5
2487,11/14/14,2487,327.82,42.44
2488,11/17/14,2488,323.05,42.63
2489,11/18/14,2489,324.93,43.23
2490,11/19/14,2490,326.54,43.92
2491,11/20/14,2491,330.54,43.95
2492,11/21/14,2492,332.63,44.19
2493,11/24/14,2493,335.64,43.97
2494,11/25/14,2494,335.04,44.13
2495,11/26/14,2495,333.57,44.29
2496,11/28/14,2496,338.64,44.83
2497,12/1/14,2497,326,44.55
2498,12/2/14,2498,326.31,44.54
2499,12/3/14,2499,316.5,43.8
2500,12/4/14,2500,316.93,43.5
2501,12/5/14,2501,312.63,43.53
2502,12/8/14,2502,306.64,43.14
2503,12/9/14,2503,312.5,42.04
2504,12/10/14,2504,305.84,41.6
2505,12/11/14,2505,307.36,41.53
2506,12/12/14,2506,307.32,40.91
2507,12/15/14,2507,306.07,40.57
2508,12/16/14,2508,295.06,40.39
2509,12/17/14,2509,298.88,41.55
2510,12/18/14,2510,297.73,42.39
2511,12/19/14,2511,299.9,41.95
2512,12/22/14,2512,306.54,42.35
2513,12/23/14,2513,306.29,42.97
2514,12/24/14,2514,303.03,42.94
2515,12/26/14,2515,309.09,42.96
2516,12/29/14,2516,312.04,42.86
2517,12/30/14,2517,310.47,42.76
2518,12/31/14,2518,310.35,42.22